Name,Tm,mlbID,key_bbref
Cory Abbott,Chicago,676265,abbotco01
CJ Abrams,"San Diego,Washington",682928,abramcj01
Jos\xc3\xa9 Abreu,"Chicago,Houston",547989,abreujo02
Wilyer Abreu,Boston,677800,abreuwi02
Ronald Acu\xc3\xb1a Jr.,Atlanta,660670,acunaro01
Willy Adames,"Milwaukee,Tampa Bay",642715,adamewi01
Jordyn Adams,Los Angeles,677941,adamsjo03
Matt Adams,Colorado,571431,adamsma01
Riley Adams,"Toronto,Washington",656180,adamsri03
Jo Adell,Los Angeles,666176,adelljo01
Joan Adon,Washington,672851,adonjo01
Ehire Adrianza,"Atlanta,Washington",501303,adriaeh01
Jes\xc3\xbas Aguilar,"Baltimore,Miami,Oakland",542583,aguilje01
Ryan Aguilar,Los Angeles,666922,aguilry01
Nick Ahmed,Arizona,605113,ahmedni01
Keegan Akin,Baltimore,669211,akinke01
Shogo Akiyama,Cincinnati,673451,akiyash01
R.J. Alaniz,Cincinnati,595798,alanirj01
Hanser Alberto,"Chicago,Kansas City,Los Angeles",593643,alberha01
Ozzie Albies,Atlanta,645277,albieoz01
Sandy Alc\xc3\xa1ntara,Miami,645261,alcansa01
Sergio Alc\xc3\xa1ntara,"Arizona,Chicago,San Diego",642727,alcanse01
Tyler Alexander,Detroit,641302,alexaty01
Jorge Alfaro,"Boston,Colorado,Miami,San Diego",595751,alfarjo01
Anthony Alford,Pittsburgh,546990,alforan01
Kolby Allard,Texas,663465,allarko01
Austin Allen,Oakland,664119,allenau01
Greg Allen,"New York,Pittsburgh",656185,allengr01
Logan Allen,Cleveland,663531,allenlo01
Nick Allen,Oakland,669397,allenni02
Abraham Almonte,"Atlanta,Boston,New York",501659,almonab01
Yency Almonte,Colorado,622075,almonye01
Albert Almora,"Cincinnati,New York",546991,almoral01
Pete Alonso,New York,624413,alonspe01
Jose Altuve,Houston,514888,altuvjo01
Jake Alu,Washington,666906,aluja01
Jos\xc3\xa9 Alvarado,Philadelphia,621237,alvarjo03
Eddy Alvarez,"Los Angeles,Miami",657193,alvared01
Francisco Alvarez,New York,682626,alvarfr01
Jos\xc3\xa9 \xc3\x81lvarez,San Francisco,501625,alvarjo02
Yordan Alvarez,Houston,670541,alvaryo01
Adbert Alzolay,Chicago,640470,alzolad01
Jacob Amaya,Miami,676070,amayaja01
Miguel Amaya,Chicago,665804,amayami01
Trey Amburgey,New York,664011,amburtr01
Brett Anderson,Milwaukee,474463,anderbr04
Brian Anderson,"Miami,Milwaukee",605119,anderbr06
Chase Anderson,Philadelphia,502624,anderch01
Ian Anderson,Atlanta,666120,anderia01
Tanner Anderson,Pittsburgh,664196,anderta01
Tim Anderson,Chicago,641313,anderti01
Tyler Anderson,"Los Angeles,Pittsburgh,Seattle",542881,anderty01
John Andreoli,San Diego,607430,andrejo03
Elvis Andrus,"Chicago,Oakland",462101,andruel01
Miguel Andujar,"New York,Pittsburgh",609280,andujmi01
Tejay Antone,Cincinnati,622088,antonte01
Aristides Aquino,Cincinnati,606157,aquinar01
Jonathan Aranda,Tampa Bay,666018,arandjo01
Jonathan Ara\xc3\xbaz,"Baltimore,Boston,New York",660620,arauzjo01
Orlando Arcia,"Atlanta,Milwaukee",606115,arciaor01
Nolan Arenado,St. Louis,571448,arenano01
Gabriel Arias,Cleveland,672356,ariasga01
Kohei Arihara,Texas,685503,arihako01
Randy Arozarena,Tampa Bay,668227,arozara01
Luis Arr\xc3\xa1ez,"Miami,Minnesota",650333,arraelu01
Jake Arrieta,"Chicago,San Diego",453562,arrieja01
Christian Arroyo,Boston,624414,arroych01
Humberto Arteaga,Washington,600858,arteahu01
Aaron Ashby,Milwaukee,676879,ashbyaa01
Willians Astudillo,"Miami,Minnesota",553902,astudwi01
Alex Avila,Washington,488671,avilaal01
Pedro Avila,San Diego,658648,avilape01
Jos\xc3\xa9 Azocar,San Diego,640492,azocajo01
Akil Baddoo,Detroit,668731,baddoak01
Harrison Bader,"Cincinnati,New York,St. Louis",664056,baderha01
Ji Hwan Bae,Pittsburgh,678225,baeji01
Javier B\xc3\xa1ez,"Chicago,Detroit,New York",595879,baezja01
Patrick Bailey,San Francisco,672275,bailepa01
Luken Baker,St. Louis,663609,bakerlu01
Anthony Banda,New York,607455,bandaan01
Rylan Bannon,"Atlanta,Baltimore,Houston",676625,bannory01
Caleb Baragar,San Francisco,670056,baragca01
Daniel Bard,Colorado,453268,bardda01
Austin Barnes,Los Angeles,605131,barneau01
Charlie Barnes,Minnesota,656212,barnech01
Tucker Barnhart,"Chicago,Cincinnati,Detroit",571466,barnhtu01
Luis Barrera,Oakland,642456,barrelu01
Tres Barrera,"St. Louis,Washington",668663,barretr01
Jose Barrero,Cincinnati,676480,garcijo02
Jaime Barria,Los Angeles,642545,barrija01
Joey Bart,San Francisco,663698,bartjo01
Osleivis Basabe,Tampa Bay,678545,basabos01
Anthony Bass,Miami,542914,bassan01
Chris Bassitt,Oakland,605135,bassich01
Matthew Batten,San Diego,676946,battema01
Brett Baty,New York,683146,batybr01
Trevor Bauer,Los Angeles,545333,bauertr01
Jake Bauers,"Cleveland,New York,Seattle",641343,bauerja01
Matt Beaty,"Kansas City,Los Angeles,San Diego,San Francisco",607461,beatyma01
Tim Beckham,Minnesota,542921,beckhti01
David Bednar,Pittsburgh,670280,bednada01
Seth Beer,Arizona,666179,beerse01
Josh Bell,"Cleveland,Miami,San Diego,Washington",605137,belljo02
Cody Bellinger,"Chicago,Los Angeles",641355,bellico01
Brandon Belt,"San Francisco,Toronto",474832,beltbr01
Anthony Bemboom,"Baltimore,Los Angeles",621532,bemboan01
Anthony Bender,Miami,669622,bendean01
Andrew Benintendi,"Chicago,Kansas City,New York",643217,beninan01
Will Benson,"Cincinnati,Cleveland",666181,bensowi01
Wynton Bernard,Colorado,592144,bernawy01
Jos\xc3\xa9 Berr\xc3\xados,"Minnesota,Toronto",621244,berrijo01
Jon Berti,Miami,542932,bertijo01
Christian Bethancourt,"Oakland,Tampa Bay",542194,bethach01
Alec Bettinger,Milwaukee,676424,bettial01
Mookie Betts,Los Angeles,605141,bettsmo01
Bo Bichette,Toronto,666182,bichebo01
Phil Bickford,Los Angeles,641360,bickfph01
Shane Bieber,Cleveland,669456,biebesh01
Cavan Biggio,Toronto,624415,biggica01
Braden Bishop,Seattle,623323,bishobr01
Charlie Blackmon,Colorado,453568,blackch02
Dairon Blanco,Kansas City,680118,blancda02
Alex Blandino,Cincinnati,607468,blandal01
Travis Blankenhorn,"Minnesota,New York,Washington",663905,blanktr01
JJ Bleday,"Miami,Oakland",668709,bledajj01
Richard Bleier,Miami,542947,bleieri01
Xander Bogaerts,"Boston,San Diego",593428,bogaexa01
Alec Bohm,Philadelphia,664761,bohmal01
Skye Bolt,"Oakland,San Francisco",621450,boltsk01
Jorge Bonifacio,Philadelphia,593528,bonifjo01
David Bote,Chicago,623520,boteda01
Sean Bouchard,Colorado,656248,bouchse01
Matthew Boyd,Detroit,571510,boydma01
Archie Bradley,Philadelphia,605151,bradlar01
Bobby Bradley,Cleveland,656252,bradlbo01
Jackie Bradley Jr.,"Boston,Kansas City,Milwaukee,Toronto",598265,bradlja02
Michael Brantley,Houston,488726,brantmi02
Rob Brantly,New York,542963,brantro01
Steven Brault,Pittsburgh,643230,braulst01
John Brebbia,San Francisco,605154,brebbjo01
Alex Bregman,Houston,608324,bregmal01
Will Brennan,Cleveland,686823,brennwi02
Jake Brentz,Kansas City,641394,brentja01
Jonah Bride,Oakland,681146,bridejo01
Lewis Brinson,"Miami,San Francisco",621446,brinsle01
Mike Brosseau,"Milwaukee,Tampa Bay",670712,brossmi01
Rex Brothers,Chicago,571521,brothre01
Seth Brown,Oakland,664913,brownse01
JT Brubaker,Pittsburgh,664141,brubajt01
Jay Bruce,New York,457803,bruceja01
Justin Bruihl,Los Angeles,677865,bruihju01
Vidal Bruj\xc3\xa1n,Tampa Bay,660644,brujavi01
Kris Bryant,"Chicago,Colorado,San Francisco",592178,bryankr01
Kris Bubic,Kansas City,663460,bubickr01
Walker Buehler,Los Angeles,621111,buehlwa01
Madison Bumgarner,Arizona,518516,bumgama01
Dylan Bundy,Los Angeles,605164,bundydy01
Peyton Burdick,Miami,680814,burdipe01
Jake Burger,"Chicago,Miami",669394,burgeja01
Alec Burleson,St. Louis,676475,burleal01
Corbin Burnes,Milwaukee,669203,burneco01
Andy Burns,Los Angeles,542992,burnsan01
Michael Busch,Los Angeles,683737,buschmi02
Drew Butera,Los Angeles,460077,buterdr01
Lawrence Butler,Oakland,671732,butlela01
Byron Buxton,Minnesota,621439,buxtoby01
Jos\xc3\xa9 Caballero,Seattle,676609,cabaljo01
Trey Cabbage,Los Angeles,663550,cabbatr01
Asdr\xc3\xbabal Cabrera,"Arizona,Cincinnati",452678,cabreas01
Edward Cabrera,Miami,665795,cabreed02
Miguel Cabrera,Detroit,408234,cabremi01
Oswaldo Cabrera,New York,665828,cabreos01
Trevor Cahill,Pittsburgh,502239,cahiltr01
Lorenzo Cain,Milwaukee,456715,cainlo01
Kole Calhoun,"Arizona,Cleveland,Texas",594777,calhoko01
Willie Calhoun,"New York,San Francisco,Texas",641432,calhowi01
Alex Call,"Cleveland,Washington",669743,callal02
Daniel Camarena,San Diego,547176,camarda01
Johan Camargo,"Atlanta,Philadelphia,San Francisco",622666,camarjo01
Daz Cameron,Detroit,663662,camerda01
Junior Caminero,Tampa Bay,691406,caminju01
Eric Campbell,Seattle,493472,campber01
Paul Campbell,Miami,669294,campbpa02
Luis Campusano,San Diego,669134,campulu01
Alexander Canario,Chicago,672744,canaral01
Jeimer Candelario,"Chicago,Detroit,Washington",600869,candeje01
Mark Canha,"Milwaukee,New York,Oakland",592192,canhama01
Griffin Canning,Los Angeles,656288,cannigr01
Robinson Can\xc3\xb3,"Atlanta,New York,San Diego",429664,canoro01
Dominic Canzone,"Arizona,Seattle",686527,canzodo01
Conner Capel,"Oakland,St. Louis",668843,capelco01
Vinny Capra,"Pittsburgh,Toronto",681962,capravi01
Victor Caratini,"Milwaukee,San Diego",605170,caratvi01
Dylan Carlson,St. Louis,666185,carlsdy01
Kerry Carpenter,Detroit,681481,carpeke01
Matt Carpenter,"New York,San Diego,St. Louis",572761,carpema01
Carlos Carrasco,New York,471911,carraca01
Corbin Carroll,Arizona,682998,carroco02
Evan Carter,Texas,694497,carteev01
Curt Casali,"Cincinnati,San Francisco,Seattle",592200,casalcu01
Triston Casas,Boston,671213,casastr01
Daniel Castano,Miami,641447,castada01
Ryan Castellani,Colorado,624418,castery01
Humberto Castellanos,Arizona,528748,castehu01
Nick Castellanos,"Cincinnati,Philadelphia",592206,casteni01
Diego Castillo,"Arizona,Pittsburgh",660636,castidi02
Erick Castillo,Chicago,602080,castier01
Ivan Castillo,San Diego,622668,castiiv01
Luis Castillo,Cincinnati,622491,castilu02
Harold Castro,"Colorado,Detroit",605612,castrha01
Jason Castro,Houston,488771,castrja01
Rodolfo Castro,"Philadelphia,Pittsburgh",666801,castrro01
Starlin Castro,Washington,516770,castrst01
Willi Castro,"Detroit,Minnesota",650489,castrwi01
Jake Cave,"Minnesota,Philadelphia",595909,caveja01
Dylan Cease,Chicago,656302,ceasedy01
Gilberto Celestino,Minnesota,665482,celesgi01
Jhoulys Chac\xc3\xadn,Colorado,468504,chacijh01
Yu Chang,"Boston,Cleveland,Pittsburgh,Tampa Bay",644374,changyu01
Matt Chapman,"Oakland,Toronto",656305,chapmma01
Tyler Chatwood,San Francisco,543022,chatwty01
Jesse Chavez,Atlanta,445926,chaveje01
Michael Chavis,"Boston,Pittsburgh,Washington",656308,chavimi01
Robinson Chirinos,"Baltimore,Chicago",455139,chiriro01
Jazz Chisholm Jr.,Miami,665862,chishja01
Jiman Choi,"Pittsburgh,San Diego,Tampa Bay",596847,choiji01
Adam Cimber,Miami,643256,cimbead01
Nick Ciuffo,Baltimore,624419,ciuffni01
Aaron Civale,Cleveland,650644,civalaa01
Taylor Clarke,Arizona,664199,clarkta01
Sam Clay,Washington,621348,claysa01
Garrett Cleavinger,Los Angeles,664076,cleavga01
Kody Clemens,"Detroit,Philadelphia",665019,clemeko01
Ernie Clement,"Cleveland,Oakland,Toronto",676391,clemeer01
Alex Cobb,Los Angeles,502171,cobbal01
Oscar Col\xc3\xa1s,Chicago,693049,colasos01
Zack Collins,"Chicago,Cleveland,Pittsburgh,Toronto",641470,colliza01
Michael Conforto,"New York,San Francisco",624424,confomi01
Mark Contreras,Minnesota,676628,contrma01
William Contreras,"Atlanta,Milwaukee",661388,contrwi02
Willson Contreras,"Chicago,St. Louis",575929,contrwi01
Sam Coonrod,Philadelphia,656322,coonrsa01
Garrett Cooper,"Miami,San Diego",643265,coopega03
Patrick Corbin,Washington,571578,corbipa01
Franchy Cordero,"Boston,New York",614173,cordefr02
Carlos Correa,"Houston,Minnesota",621043,correca01
Nestor Cortes,New York,641482,cortene01
Danny Coulombe,Minnesota,543056,couloda01
Colton Cowser,Baltimore,681297,cowseco01
Will Craig,Pittsburgh,643269,craigwi01
Brandon Crawford,San Francisco,543063,crawfbr01
J.P. Crawford,Seattle,641487,crawfjp01
Kutter Crawford,Boston,676710,crawfku01
Nabil Crismatt,San Diego,622503,crismna01
C.J. Cron,"Colorado,Los Angeles",543068,croncj01
Jake Cronenworth,San Diego,630105,croneja01
Narciso Crook,Chicago,643271,crookna01
Tyler Cropley,Kansas City,680418,croplty01
Hans Crouse,Philadelphia,668968,crousha01
Pete Crow-Armstrong,Chicago,691718,crowape01
Wil Crowe,Pittsburgh,640444,crowewi01
Nelson Cruz,"Minnesota,San Diego,Tampa Bay,Washington",443558,cruzne02
Oneil Cruz,Pittsburgh,665833,cruzon01
Johnny Cueto,San Francisco,456501,cuetojo01
Charlie Culberson,"Atlanta,Texas",518586,culbech01
John Curtiss,Miami,595928,curtijo02
Travis d\'Arnaud,Atlanta,518595,darnatr01
David Dahl,"San Diego,Texas",621311,dahlda01
Bobby Dalbec,Boston,666915,dalbebo01
Yu Darvish,San Diego,506433,darviyu01
Matt Davidson,"Arizona,Oakland",571602,davidma02
Tucker Davidson,Atlanta,656353,davidtu01
Zach Davies,Chicago,605200,davieza02
Austin Davis,Boston,656354,davisau01
Brendon Davis,Detroit,663478,davisbr04
Henry Davis,Pittsburgh,680779,davishe01
J.D. Davis,"New York,San Francisco",605204,davisjd01
Jaylin Davis,"Boston,San Francisco",664041,davisja03
Jonathan Davis,"Miami,Milwaukee,New York,Toronto",641505,davisjo05
Khris Davis,"Oakland,Texas",501981,daviskh01
Taylor Davis,Pittsburgh,543089,davista01
Ronnie Dawson,"Cincinnati,Houston",669008,dawsoro01
Yonathan Daza,Colorado,602074,dazayo01
Alex De Goti,Houston,621008,degotal01
Chase De Jong,Pittsburgh,608328,dejonch01
Bryan De La Cruz,Miami,650559,delacbr01
Elly De La Cruz,Cincinnati,682829,delacel01
Jos\xc3\xa9 De Le\xc3\xb3n,Cincinnati,592254,deleojo03
Austin Dean,"San Francisco,St. Louis",621573,deanau01
Jacob deGrom,New York,594798,degroja01
Greg Deichmann,Chicago,656364,deichgr01
Paul DeJong,"San Francisco,St. Louis,Toronto",657557,dejonpa01
Jason Delay,Pittsburgh,641511,delayja01
Jonny DeLuca,Los Angeles,676356,delucjo01
Ben DeLuzio,St. Louis,641512,deluzbe01
Travis Demeritte,Atlanta,641513,demertr01
Anthony DeSclafani,San Francisco,543101,desclan01
Delino DeShields,Cincinnati,592261,deshide02
Reid Detmers,Los Angeles,672282,detmere01
Ross Detwiler,Miami,446321,detwiro01
Jos\xc3\xa9 Devers,Miami,672701,deverjo01
Rafael Devers,Boston,646240,deverra01
Aledmys D\xc3\xadaz,"Houston,Oakland",649557,diazal02
Elias D\xc3\xadaz,Colorado,553869,diazel01
Isan D\xc3\xadaz,"Detroit,Miami,San Francisco",656371,diazis01
Jordan Diaz,Oakland,672478,diazjo03
Lewin D\xc3\xadaz,Miami,650331,diazle01
Miguel D\xc3\xadaz,San Diego,622766,diazmi02
Yainer Diaz,Houston,673237,diazya02
Yandy D\xc3\xadaz,Tampa Bay,650490,diazya01
Yennsy D\xc3\xadaz,New York,660546,diazye01
Yusniel Diaz,Baltimore,666783,diazyu01
Alex Dickerson,"Atlanta,San Francisco",543105,dickeal01
Corey Dickerson,"Miami,St. Louis,Toronto,Washington",572816,dickeco01
Jake Diekman,Oakland,518617,diekmja01
Wilmer Difo,"Arizona,Pittsburgh",594694,difowi01
Brandon Dixon,San Diego,641525,dixonbr01
Jasson Dom\xc3\xadnguez,New York,691176,dominja01
Josh Donaldson,"Milwaukee,Minnesota,New York",518626,donaljo02
Brendan Donovan,St. Louis,680977,donovbr01
Ryan Dorow,Texas,676900,dorowry01
Jeter Downs,"Boston,Washington",669023,downsje01
Brenton Doyle,Colorado,686668,doylebr02
Hunter Dozier,Kansas City,641531,doziehu01
Brandon Drury,"Cincinnati,Los Angeles,New York,San Diego",592273,drurybr01
Mauricio Dub\xc3\xb3n,"Houston,San Francisco",643289,dubonma01
Matt Duffy,"Chicago,Kansas City,Los Angeles",622110,duffyma01
Steven Duggar,"Los Angeles,San Francisco,Texas",621453,duggast01
Joe Dunand,Miami,656388,dunanjo01
Justin Dunn,Seattle,643290,dunnju01
Dane Dunning,Texas,641540,dunnida01
Jon Duplantier,Arizona,641541,duplajo01
Ezequiel Duran,Texas,677649,duranez01
Jarren Duran,Boston,680776,duranja01
Adam Duvall,"Atlanta,Boston,Miami",594807,duvalad01
Jarrod Dyson,"Kansas City,Toronto",502481,dysonja01
Adam Eaton,"Chicago,Los Angeles",594809,eatonad02
Nate Eaton,Kansas City,681987,eatonna01
Cam Eden,Toronto,686490,edenca01
Tommy Edman,St. Louis,669242,edmanto01
Xavier Edwards,Miami,669364,edwarxa01
Scott Effross,Chicago,664123,effrosc01
Zach Eflin,Philadelphia,621107,eflinza01
Jerad Eickhoff,New York,595191,eickhje01
Seth Elledge,St. Louis,676220,elledse01
Chris Ellis,Baltimore,595939,ellisch01
Drew Ellis,"Arizona,Philadelphia,Seattle",656403,ellisdr01
Jerar Encarnacion,Miami,666464,encarje01
Christian Encarnacion-Strand,Cincinnati,687952,encarch01
Adam Engel,"Chicago,San Diego",641553,engelad01
Nathan Eovaldi,Boston,543135,eovalna01
Alcides Escobar,Washington,444876,escobal02
Eduardo Escobar,"Arizona,Los Angeles,Milwaukee,New York",500871,escobed01
Thomas Eshelman,Baltimore,664045,eshelto01
Santiago Espinal,Toronto,669289,espinsa01
Paolo Espino,Washington,502179,espinpa01
Thairo Estrada,San Francisco,642731,estrath01
Phillip Evans,Pittsburgh,595943,evansph01
Stuart Fairchild,"Arizona,Cincinnati,San Francisco,Seattle",656413,faircst01
Bailey Falter,Philadelphia,663559,falteba01
Johneshwy Fargas,"Chicago,New York",641561,fargajo01
Jake Faria,Arizona,607188,fariaja01
Kyle Farmer,"Cincinnati,Minnesota",571657,farmeky01
Erick Fedde,Washington,607200,feddeer01
Mario Feliciano,Milwaukee,666128,felicma01
Ryan Feltner,Colorado,663372,feltnry01
Freddy Fermin,Kansas City,666023,fermifr01
Jos\xc3\xa9 Ferm\xc3\xadn,St. Louis,665877,fermijo01
Junior Fern\xc3\xa1ndez,St. Louis,658551,fernaju01
Derek Fisher,Milwaukee,605233,fishede01
Tyler Fitzgerald,San Francisco,666149,fitzgty01
Jack Flaherty,St. Louis,656427,flaheja01
Josh Fleming,Tampa Bay,676596,flemijo01
David Fletcher,Los Angeles,664058,fletcda02
Dominic Fletcher,Arizona,666150,fletcdo01
Chris Flexen,Seattle,623167,flexech01
Wilmer Flores,San Francisco,527038,florewi01
Estevan Florial,New York,664314,flories01
Mike Foltynewicz,Texas,592314,foltymi01
Mike Ford,"Atlanta,Los Angeles,New York,San Francisco,Seattle",645801,fordmi01
Nick Fortes,Miami,663743,forteni01
Dexter Fowler,Los Angeles,451594,fowlede01
Dustin Fowler,Pittsburgh,641583,fowledu01
Lucius Fox,Washington,665650,foxlu01
Jake Fraley,"Cincinnati,Seattle",641584,fraleja01
Ty France,Seattle,664034,francty01
Maikel Franco,"Baltimore,Washington",596748,francma02
Wander Franco,Tampa Bay,677551,francwa01
Seth Frankoff,Arizona,571676,frankse01
Adam Frazier,"Baltimore,Pittsburgh,San Diego,Seattle",624428,fraziad01
Clint Frazier,"Chicago,New York",640449,frazicl01
Todd Frazier,Pittsburgh,453943,frazito01
Kyle Freeland,Colorado,607536,freelky01
Freddie Freeman,"Atlanta,Los Angeles",518692,freemfr01
Mike Freeman,Cincinnati,502273,freemmi01
Tyler Freeman,Cleveland,671289,freemty01
Sal Frelick,Milwaukee,686217,frelisa01
Max Fried,Atlanta,608331,friedma01
TJ Friedl,Cincinnati,670770,friedtj01
David Fry,Cleveland,681807,fryda01
Joshua Fuentes,Colorado,658069,fuentjo01
Carson Fulmer,Cincinnati,608334,fulmeca01
Michael Fulmer,Chicago,605242,fulmemi01
Cam Gallagher,"Cleveland,Kansas City",595956,gallaca01
Zac Gallen,Arizona,668678,galleza01
Joey Gallo,"Los Angeles,Minnesota,New York,Texas",608336,gallojo01
Freddy Galvis,"Baltimore,Philadelphia",520471,galvifr01
Ben Gamel,"Cleveland,Pittsburgh,San Diego",592325,gamelbe01
John Gant,St. Louis,607231,gantjo01
Adolis Garc\xc3\xada,Texas,666969,garciad02
Aramis Garcia,"Cincinnati,Oakland",605244,garciar01
Avisa\xc3\xadl Garc\xc3\xada,"Miami,Milwaukee",541645,garciav01
D\xc3\xa9rmis Garc\xc3\xada,Oakland,660650,garcide02
Jarl\xc3\xadn Garc\xc3\xada,San Francisco,606424,garcija04
Leury Garc\xc3\xada,Chicago,544725,garcile02
Luis Garc\xc3\xada Jr.,Washington,671277,garcilu04
Luis Garcia,Houston,677651,garcilu05
Maikel Garcia,Kansas City,672580,garcima01
Robel Garc\xc3\xada,Houston,596825,garciro02
Rony Garc\xc3\xada,Detroit,665621,garciro03
Brett Gardner,New York,458731,gardnbr01
Kyle Garlick,Minnesota,664247,garliky01
Dustin Garneau,Detroit,572863,garnedu01
Braxton Garrett,Miami,666129,garrebr01
Stone Garrett,"Arizona,Washington",656448,garrest01
Mitch Garver,"Minnesota,Texas",641598,garvemi01
Kevin Gausman,San Francisco,592332,gausmke01
Zack Gelof,Oakland,680869,gelofza01
Domingo Germ\xc3\xa1n,New York,593334,germado01
Trent Giambrone,Chicago,623508,giambtr01
Kyle Gibson,"Philadelphia,Texas",502043,gibsoky01
Tyler Gilbert,Arizona,656457,gilbety01
Andr\xc3\xa9s Gim\xc3\xa9nez,Cleveland,665926,gimenan01
Lucas Giolito,Chicago,608337,giolilu01
Chris Gittens,New York,656467,gittech01
Mychal Givens,New York,571710,givenmy01
Tyler Glasnow,Tampa Bay,607192,glasnty01
Zack Godley,Milwaukee,643327,godleza01
Jos\xc3\xa9 Godoy,"Minnesota,Pittsburgh,Seattle",608422,godoyjo01
Paul Goldschmidt,St. Louis,502671,goldspa01
Austin Gomber,Colorado,596295,gombeau01
Yan Gomes,"Chicago,Oakland,Washington",543228,gomesya01
Tony Gonsolin,Los Angeles,664062,gonsoto01
Marco Gonzales,Seattle,594835,gonzama02
Nick Gonzales,Pittsburgh,693304,gonzani01
Chi Chi Gonz\xc3\xa1lez,Colorado,592346,gonzach01
Erik Gonz\xc3\xa1lez,"Miami,Pittsburgh",570481,gonzaer01
Luis Gonz\xc3\xa1lez,"Chicago,San Francisco",670768,gonzalu03
Marwin Gonz\xc3\xa1lez,"Boston,Houston,New York",503556,gonzama01
Oscar Gonz\xc3\xa1lez,Cleveland,660757,gonzaos01
Romy Gonzalez,Chicago,663853,gonzaro01
Hunter Goodman,Colorado,696100,goodmhu01
Niko Goodrum,"Detroit,Houston",592348,goodrni01
Brian Goodwin,Chicago,571718,goodwbr01
Nick Gordon,Minnesota,624503,gordoni01
Terrance Gore,New York,605253,gorete01
Nolan Gorman,St. Louis,669357,gormano01
Phil Gosselin,"Atlanta,Los Angeles",594838,gosseph01
Ashton Goudeau,Colorado,623485,goudeas01
Yasmani Grandal,Chicago,518735,grandya01
Brusdar Graterol,Los Angeles,660813,gratebr01
Kendall Graveman,Houston,608665,graveke01
Jon Gray,Colorado,592351,grayjo02
Josiah Gray,"Los Angeles,Washington",680686,grayjo03
Sonny Gray,Cincinnati,543243,grayso01
Tristan Gray,Tampa Bay,656484,graytr01
Riley Greene,Detroit,682985,greenri03
Didi Gregorius,Philadelphia,544369,gregodi01
Grayson Greiner,"Arizona,Detroit",606988,greingr01
Zack Greinke,Houston,425844,greinza01
Randal Grichuk,"Colorado,Los Angeles,Toronto",545341,grichra01
Trent Grisham,San Diego,663757,grishtr01
Vaughn Grissom,Atlanta,687093,grissva01
Jordan Groshans,Miami,677954,groshjo01
Robbie Grossman,"Atlanta,Detroit,Texas",543257,grossro01
Robert Gsellman,New York,607229,gsellro01
Javy Guerra,Washington,457915,guerrja01
Javy Guerra,San Diego,642770,guerrja02
Junior Guerra,Los Angeles,448855,guerrju02
Vladimir Guerrero Jr.,Toronto,665489,guerrvl02
Luis Guillorme,New York,641645,guilllu01
Lourdes Gurriel Jr.,"Arizona,Toronto",666971,gurrilo01
Yuli Gurriel,"Houston,Miami",493329,gourryu01
Taylor Gushue,Chicago,656494,gushuta01
Jandel Gustave,Milwaukee,594311,gustaja01
Dalton Guthrie,Philadelphia,656495,guthrda01
Kelvin Guti\xc3\xa9rrez,"Baltimore,Kansas City",642721,gutieke01
Vladimir Gutierrez,Cincinnati,661269,gutievl01
Ronald Guzm\xc3\xa1n,"New York,Texas",608597,guzmaro01
Eric Haase,"Cleveland,Detroit",606992,haaseer01
Jake Hager,"Arizona,New York",606993,hagerja01
Sam Haggerty,Seattle,664059,haggesa01
Darick Hall,Philadelphia,669742,hallda02
Billy Hamilton,"Chicago,Miami,Minnesota",571740,hamilbi02
Caleb Hamilton,"Boston,Minnesota",643348,hamilca01
David Hamilton,Boston,666152,hamilda03
J.D. Hammer,Philadelphia,670456,hammejd01
Garrett Hampson,"Colorado,Miami",641658,hampsga01
Mitch Haniger,"San Francisco,Seattle",571745,hanigmi01
Ian Happ,Chicago,664023,happia01
J.A. Happ,St. Louis,457918,happja01
Bryce Harper,Philadelphia,547180,harpebr03
Ryne Harper,Washington,607560,harpery01
Michael Harris II,Atlanta,671739,harrimi04
Josh Harrison,"Chicago,Oakland,Philadelphia,Washington",543281,harrijo05
Monte Harrison,"Los Angeles,Miami",656509,harrimo01
Matt Harvey,Baltimore,518774,harvema01
Adam Haseley,"Chicago,Philadelphia",656514,haselad01
Ke\'Bryan Hayes,Pittsburgh,663647,hayeske01
Austin Hays,Baltimore,669720,haysau01
Andrew Heaney,"Los Angeles,New York",571760,heanean01
Nick Heath,Arizona,670084,heathni01
Austin Hedges,"Cleveland,Pittsburgh,Texas",595978,hedgeau01
Jonah Heim,Texas,641680,heimjo01
Scott Heineman,Cincinnati,595981,heinesc01
Tyler Heineman,"Pittsburgh,Toronto",623168,heinety01
Heath Hembree,Cincinnati,592390,hembrhe01
Gunnar Henderson,Baltimore,683002,hendegu01
Kyle Hendricks,Chicago,543294,hendrky01
Liam Hendriks,Chicago,521230,hendrli01
Ryan Hendrix,Cincinnati,641682,hendrry01
Payton Henry,Miami,668721,henrypa01
David Hensley,Houston,682073,henslda01
Sam Hentges,Cleveland,656529,hentgsa01
Guillermo Heredia,Atlanta,628338,heredgu01
Michael Hermosillo,Chicago,641684,hermomi01
Carlos Hern\xc3\xa1ndez,Kansas City,672578,hernaca04
C\xc3\xa9sar Hern\xc3\xa1ndez,"Chicago,Cleveland,Washington",514917,hernace02
Elier Hernandez,Texas,609274,hernael02
Elieser Hern\xc3\xa1ndez,Miami,622694,hernael01
Enrique Hern\xc3\xa1ndez,"Boston,Los Angeles",571771,hernaen02
Teoscar Hern\xc3\xa1ndez,"Seattle,Toronto",606192,hernate01
Yadiel Hern\xc3\xa1ndez,Washington,628450,hernaya01
Yonny Hern\xc3\xa1ndez,"Arizona,Los Angeles,Texas",660634,hernayo02
Iv\xc3\xa1n Herrera,St. Louis,671056,herreiv01
Jos\xc3\xa9 Herrera,Arizona,645444,herrejo04
Od\xc3\xbabel Herrera,Philadelphia,546318,herreod01
David Hess,Miami,605276,hessda01
Jason Heyward,"Chicago,Los Angeles",518792,heywaja01
Brewer Hicklen,Kansas City,676551,hicklbr01
Aaron Hicks,"Baltimore,New York",543305,hicksaa01
John Hicks,Texas,543308,hicksjo02
Kyle Higashioka,New York,543309,higasky01
P.J. Higgins,Chicago,664731,higgipj01
Derek Hill,"Detroit,Washington",656537,hillde01
Rich Hill,"New York,Tampa Bay",448179,hillri01
Sam Hilliard,"Atlanta,Colorado",656541,hillisa01
Keston Hiura,Milwaukee,669374,hiurake01
Nico Hoerner,Chicago,663538,hoernni01
Jeff Hoffman,Cincinnati,656546,hoffmje02
Bryan Holaday,Arizona,592407,holadbr01
Jordan Holloway,Miami,656548,hollojo01
Clay Holmes,Pittsburgh,605280,holmecl01
Brock Holt,Texas,571788,holtbr01
TJ Hopkins,Cincinnati,686759,hopkitj01
Spencer Horwitz,Toronto,687462,horwisp01
Rhys Hoskins,Philadelphia,656555,hoskirh01
Eric Hosmer,"Boston,Chicago,San Diego",543333,hosmeer01
Tanner Houck,Boston,656557,houckta01
Adrian Houser,Milwaukee,605288,housead01
Spencer Howard,Philadelphia,675921,howarsp01
Jared Hoying,Toronto,592419,hoyinja01
Dakota Hudson,St. Louis,641712,hudsoda02
Sam Huff,Texas,669087,huffsa01
Cooper Hummel,"Arizona,Seattle",669450,hummeco01
Tommy Hunter,New York,488984,hunteto02
Scott Hurst,St. Louis,656568,hurstsc01
Drew Hutchison,Detroit,571800,hutchdr01
Andy Ib\xc3\xa1\xc3\xb1ez,"Detroit,Texas",628451,ibanean01
Jose Iglesias,"Boston,Colorado,Los Angeles",578428,iglesjo01
Ender Inciarte,"Atlanta,New York",542255,inciaen01
Jonathan India,Cincinnati,663697,indiajo01
Cole Irvin,Oakland,608344,irvinco01
Kyle Isbel,Kansas City,664728,isbelky01
Alex Jackson,"Atlanta,Miami,Milwaukee",656577,jacksal02
Andre Jackson,Los Angeles,656578,jacksan01
Drew Jackson,Oakland,623515,jacksdr01
Jay Jackson,San Francisco,543351,jacksja01
Travis Jankowski,"New York,Philadelphia,Seattle,Texas",608671,jankotr01
Danny Jansen,Toronto,643376,janseda01
Kenley Jansen,Los Angeles,445276,janseke01
Griffin Jax,Minnesota,643377,jaxgr01
Jon Jay,Los Angeles,445055,jayjo02
Ryan Jeffers,Minnesota,680777,jeffery01
Jake Jewell,Chicago,657228,jewelja01
Eloy Jim\xc3\xa9nez,Chicago,650391,jimenel02
Connor Joe,"Colorado,Pittsburgh",656582,joeco01
Bryce Johnson,San Francisco,669369,johnsbr03
Daniel Johnson,Cleveland,669288,johnsda07
JaCoby Jones,Detroit,592444,jonesja07
Jahmai Jones,"Baltimore,Milwaukee",663330,jonesja08
Nate Jones,Los Angeles,518858,jonesna01
Nolan Jones,"Cleveland,Colorado",666134,jonesno01
Taylor Jones,Houston,622100,jonesta01
Matt Joyce,Philadelphia,459964,joycema01
Aaron Judge,New York,592450,judgeaa01
Edouard Julien,Minnesota,666397,julieed01
Corey Julks,Houston,667452,julksco01
Josh Jung,Texas,673962,jungjo01
Jakob Junis,Kansas City,596001,junisja01
Connor Kaiser,Colorado,663731,kaiseco01
James Kaprielian,Oakland,621076,kaprija01
Gosuke Katoh,Toronto,641741,katohgo01
Sean Kazmar Jr.,Atlanta,453527,kazmase01
Scott Kazmir,San Francisco,431148,kazmisc01
Jarred Kelenic,Seattle,672284,kelenja01
Brad Keller,Kansas City,641745,kellebr01
Mitch Keller,Pittsburgh,656605,kellemi03
Carson Kelly,"Arizona,Detroit",608348,kellyca02
Joe Kelly,Los Angeles,523260,kellyjo05
Merrill Kelly,Arizona,518876,kellyme01
Tony Kemp,Oakland,643393,kempto01
Buddy Kennedy,Arizona,671083,kennebu01
Max Kepler,Minnesota,596146,keplema01
Clayton Kershaw,Los Angeles,477132,kershcl01
Grae Kessinger,Houston,666197,kessigr01
Dallas Keuchel,Chicago,572971,keuchda01
Carter Kieboom,Washington,666198,kieboca01
Kevin Kiermaier,"Tampa Bay,Toronto",595281,kiermke01
Yusei Kikuchi,Seattle,579328,kikucyu01
Ha-Seong Kim,San Diego,673490,kimha01
Kwang Hyun Kim,St. Louis,547942,kimkw01
Craig Kimbrel,Chicago,518886,kimbrcr01
Isiah Kiner-Falefa,"New York,Texas",643396,kineris01
John King,Texas,667463,kingjo01
Scott Kingery,Philadelphia,664068,kingesc01
Alex Kirilloff,Minnesota,666135,kirilal01
Alejandro Kirk,Toronto,672386,kirkal01
Patrick Kivlehan,San Diego,623182,kivlepa01
Heston Kjerstad,Baltimore,677008,kjershe01
Corey Kluber,New York,446372,klubeco01
Andrew Knapp,"Philadelphia,Pittsburgh,San Francisco,Seattle",595284,knappan01
Corey Knebel,Los Angeles,608349,knebeco01
Reiss Knehr,San Diego,663753,knehrre01
Andrew Knizner,St. Louis,668800,kniznan01
Taylor Kohlwey,San Diego,670128,kohlwta01
Mark Kolozsvary,"Baltimore,Cincinnati",656627,kolozma01
Michael Kopech,Chicago,656629,kopecmi01
Pete Kozma,Oakland,518902,kozmape01
Max Kranick,Pittsburgh,668820,kranima01
Ryan Kreidler,Detroit,668952,kreidry01
Jason Krizan,San Francisco,607249,krizaja01
Jack Kruger,Los Angeles,667674,krugeja01
Chad Kuhl,Pittsburgh,641771,kuhlch01
Steven Kwan,Cleveland,680757,kwanst01
Tommy La Stella,"San Francisco,Seattle",600303,lasteto01
Tyler Ladendorf,Chicago,502285,ladenty01
Juan Lagares,Los Angeles,501571,lagarju01
Ryan LaMarre,New York,534606,lamarry01
Jake Lamb,"Chicago,Los Angeles,Seattle,Toronto",571875,lambja01
Peter Lambert,Colorado,663567,lambepe01
Dinelson Lamet,San Diego,659275,lametdi01
Shea Langeliers,Oakland,669127,langesh01
Trevor Larnach,Minnesota,663616,larnatr01
Jack Larsen,Seattle,677223,larseja01
Eric Lauer,Milwaukee,641778,lauerer01
Ram\xc3\xb3n Laureano,"Cleveland,Oakland",657656,laurera01
Ryan Lavarnway,Cleveland,543432,lavarry01
Bryan Lavastida,Cleveland,681526,lavasbr01
Jordan Lawlar,Arizona,691783,lawlajo01
Charles Leblanc,Miami,641779,leblach01
Wade LeBlanc,St. Louis,453281,leblawa01
Khalil Lee,New York,666137,leekh01
Korey Lee,"Chicago,Houston",686676,leeko01
DJ LeMahieu,New York,518934,lemahdj01
Sandy Le\xc3\xb3n,"Cleveland,Miami,Minnesota,Texas",506702,leonsa01
Jon Lester,"St. Louis,Washington",452657,lestejo01
Josh Lester,"Baltimore,Detroit",623507,lestejo02
Kyle Lewis,"Arizona,Seattle",641786,lewisky01
Royce Lewis,Minnesota,668904,lewisro02
Domingo Leyba,"Arizona,Baltimore",642736,leybado01
Luis Liberato,San Diego,642451,liberlu01
Tzu-Wei Lin,Minnesota,624407,lintz02
Josh Lindblom,Milwaukee,458676,lindbjo01
Francisco Lindor,New York,596019,lindofr01
Andre Lipcius,Detroit,686531,lipcian01
Zack Littell,San Francisco,641793,litteza01
Jos\xc3\xa9 Lobat\xc3\xb3n,Chicago,446653,lobatjo01
Tim Locastro,"Arizona,New York",641796,locasti01
Nick Loftin,Kansas City,679845,loftini01
Sam Long,San Francisco,669674,longsa01
Shed Long Jr.,Seattle,643418,longsh01
Evan Longoria,"Arizona,San Francisco",446334,longoev01
Christian Lopes,Oakland,547173,lopesch01
Tim Lopes,Milwaukee,621005,lopesti01
Alejo L\xc3\xb3pez,Cincinnati,664670,lopezal03
Irving Lopez,St. Louis,676761,lopezir01
Jack L\xc3\xb3pez,Boston,605346,lopezja03
Jorge L\xc3\xb3pez,Baltimore,605347,lopezjo02
Nicky Lopez,"Atlanta,Kansas City",670032,lopezni01
Otto Lopez,Toronto,672640,lopezot01
Pablo L\xc3\xb3pez,Miami,641154,lopezpa01
Michael Lorenzen,Cincinnati,547179,lorenmi01
Brandon Lowe,Tampa Bay,664040,lowebr01
Josh Lowe,Tampa Bay,666139,lowejo01
Nathaniel Lowe,Texas,663993,lowena01
Jed Lowrie,Oakland,476704,lowrije01
Joey Lucchesi,New York,664192,lucchjo01
Marco Luciano,San Francisco,682617,luciama01
Jonathan Lucroy,"Atlanta,Washington",518960,lucrojo01
Seth Lugo,New York,607625,lugose01
Nathan Lukes,Toronto,664770,lukesna01
Jordan Luplow,"Arizona,Cleveland,Minnesota,Tampa Bay,Toronto",656669,luplojo01
Gavin Lux,Los Angeles,666158,luxga01
Jes\xc3\xbas Luzardo,"Miami,Oakland",666200,luzarje01
Jordan Lyles,Texas,543475,lylesjo01
Lance Lynn,Chicago,458681,lynnla01
Dixon Machado,San Francisco,553988,machadi01
Manny Machado,San Diego,592518,machama01
Vimael Mach\xc3\xadn,Oakland,605353,machivi01
David MacKinnon,"Los Angeles,Oakland",676950,mackida01
Lu\xc3\xads Madero,Miami,650347,maderlu01
Nick Madrigal,Chicago,663611,madrini01
Bligh Madris,"Houston,Pittsburgh",676632,madribl01
Kenta Maeda,Minnesota,628317,maedake01
Drew Maggi,Pittsburgh,543482,maggidr01
Tyler Mahle,Cincinnati,641816,mahlety01
Luke Maile,"Cincinnati,Cleveland,Milwaukee",571912,mailelu01
Mart\xc3\xadn Maldonado,Houston,455117,maldoma01
Sean Manaea,Oakland,640455,manaese01
Trey Mancini,"Baltimore,Chicago,Houston",641820,mancitr01
Matt Manning,Detroit,666159,mannima02
Alek Manoah,Toronto,666201,manoaal01
Tucupita Marcano,"Pittsburgh,San Diego",672779,marcatu01
Rafael March\xc3\xa1n,Philadelphia,665561,marchra01
Manuel Margot,Tampa Bay,622534,margoma01
Jake Marisnick,"Chicago,Detroit,Los Angeles,Pittsburgh,San Diego",545350,marisja01
Cade Marlowe,Seattle,687799,marloca01
Jos\xc3\xa9 Marmolejos,Seattle,592530,marmojo01
Germ\xc3\xa1n M\xc3\xa1rquez,Colorado,608566,marquge01
Deven Marrero,"Miami,New York",571918,marrede01
Brandon Marsh,"Los Angeles,Philadelphia",669016,marshbr02
Ketel Marte,Arizona,606466,marteke01
Luis Mart\xc3\xa9,Miami,606336,martelu02
Noelvi Marte,Cincinnati,682622,marteno01
Starling Marte,"Miami,New York,Oakland",516782,martest01
Corbin Martin,Arizona,656686,martico02
Jason Martin,Texas,641829,martija03
Richie Martin,Baltimore,621006,martiri01
Carlos Mart\xc3\xadnez,St. Louis,593372,martica04
J.D. Martinez,"Boston,Los Angeles",502110,martijd02
J.P. Mart\xc3\xadnez,Texas,679881,martijp01
Nick Martini,"Chicago,Cincinnati",605361,martini02
Michael Massey,Kansas City,686681,massemi02
Miles Mastrobuoni,"Chicago,Tampa Bay",670156,mastrmi01
Jorge Mateo,"Baltimore,San Diego",622761,mateojo01
Mark Mathias,"Milwaukee,Pittsburgh,San Francisco,Texas",664029,mathima01
Jeff Mathis,Atlanta,425772,mathije01
Wyatt Mathisen,Arizona,621500,mathiwy01
J.J. Matijevic,Houston,656695,matijjj01
Nick Maton,"Detroit,Philadelphia",665155,matonni01
Phil Maton,Cleveland,664208,matonph01
Luis Matos,San Francisco,682641,matoslu02
Steven Matz,Toronto,571927,matzst01
Ronny Mauricio,New York,677595,mauriro01
Dustin May,Los Angeles,669160,maydu01
Cameron Maybin,New York,457727,maybica01
Jack Mayfield,"Los Angeles,Seattle",608686,mayfija01
Nomar Mazara,"Detroit,San Diego",608577,mazarno01
Patrick Mazeika,New York,664850,mazeipa01
Ryan McBroom,Kansas City,643436,mcbrory01
James McCann,"Baltimore,New York",543510,mccanja02
Jake McCarthy,Arizona,664983,mccarja02
Darren McCaughan,Seattle,670766,mccauda01
Chas McCormick,Houston,676801,mccorch01
Mason McCoy,Toronto,669200,mccoyma01
Lance McCullers Jr.,Houston,621121,mcculla02
Andrew McCutchen,"Milwaukee,Philadelphia,Pittsburgh",457705,mccutan01
Mickey McDonald,Oakland,676782,mcdonmi01
Kyle McGowin,Washington,641851,mcgowky01
Reese McGuire,"Boston,Chicago,Toronto",624512,mcguire01
Ryan McKenna,Baltimore,663630,mckenry01
Triston McKenzie,Cleveland,663474,mckentr01
Billy McKinney,"Los Angeles,Milwaukee,New York,Oakland",641856,mckinbi01
Zach McKinstry,"Chicago,Detroit,Los Angeles",656716,mckinza01
Matt McLain,Cincinnati,680574,mclaima01
Ryan McMahon,Colorado,641857,mcmahry01
Jeff McNeil,New York,643446,mcneije01
Curtis Mead,Tampa Bay,678554,meadcu01
Austin Meadows,"Detroit,Tampa Bay",640457,meadoau01
Parker Meadows,Detroit,678009,meadopa01
John Means,Baltimore,607644,meansjo01
Nick Mears,Pittsburgh,683232,mearsni01
Wade Meckler,San Francisco,685133,mecklwa01
Adonis Medina,Philadelphia,658431,medinad01
Tylor Megill,New York,656731,megilty01
Francisco Mejia,Tampa Bay,642336,mejiafr01
Humberto Mej\xc3\xada,Arizona,650668,mejiahu01
J.C. Mej\xc3\xada,Cleveland,650496,mejiaje02
Mark Melancon,San Diego,453343,melanma01
MJ Melendez,Kansas City,669004,melenmj01
Danny Mendick,"Chicago,New York",664901,mendida01
Joey Meneses,Washington,608841,menesjo01
\xc3\x93scar Mercado,"Cleveland,Philadelphia,St. Louis",640458,mercaos01
Yerm\xc3\xadn Mercedes,"Chicago,San Francisco",606213,merceye01
Jordy Mercer,Washington,474568,mercejo03
Whit Merrifield,"Kansas City,Toronto",593160,merriwh01
Matt Mervis,Chicago,670223,mervima01
Jake Meyers,Houston,676694,meyerja02
Miles Mikolas,St. Louis,571945,mikolmi01
Wade Miley,Cincinnati,489119,mileywa01
Drew Millas,Washington,686452,milladr01
Brad Miller,"Philadelphia,Texas",543543,millebr02
Brian Miller,Miami,675649,millebr03
Owen Miller,"Cleveland,Milwaukee",680911,milleow01
Shelby Miller,"Los Angeles,Pittsburgh",571946,millesh01
Alec Mills,Chicago,621219,millsal02
Hoby Milner,Milwaukee,571948,milneho01
Mike Minor,Kansas City,501985,minormi01
A.J. Minter,Atlanta,621345,minteaj01
Jos\xc3\xa9 Miranda,Minnesota,669304,miranjo01
Calvin Mitchell,Pittsburgh,668751,mitchca01
Garrett Mitchell,Milwaukee,669003,mitchga01
Casey Mize,Detroit,663554,mizeca01
Yadier Molina,St. Louis,425877,molinya01
Andruw Monasterio,Milwaukee,655316,monasan01
Yo\xc3\xa1n Moncada,Chicago,660162,moncayo01
Adalberto Mondes\xc3\xad,Kansas City,609275,mondera02
Nate Mondou,Oakland,670148,mondona01
Mickey Moniak,"Los Angeles,Philadelphia",666160,moniami01
Frankie Montas,Oakland,593423,montafr02
Elehuris Montero,Colorado,660707,monteel01
Coco Montes,Colorado,663796,monteco01
Jordan Montgomery,New York,656756,montgjo01
Dylan Moore,Seattle,664238,mooredy01
Matt Moore,Philadelphia,519043,moorema02
Colin Moran,"Cincinnati,Pittsburgh",592567,moranco01
Adri\xc3\xa1n Morej\xc3\xb3n,San Diego,670970,morejad01
Christopher Morel,Chicago,666624,morelch01
Mitch Moreland,Oakland,519048,morelmi01
Gabriel Moreno,"Arizona,Toronto",672515,morenga01
Eli Morgan,Cleveland,669212,morgael01
Shawn Morimando,Miami,596049,morimsh01
Max Moroff,St. Louis,621559,morofma01
Charlie Morton,Atlanta,450203,mortoch02
Taylor Motter,"Boston,Cincinnati,Colorado,St. Louis",600301,motteta01
Ryan Mountcastle,Baltimore,663624,mountry01
Mike Moustakas,"Cincinnati,Colorado,Los Angeles",519058,moustmi01
Kyle Muller,Atlanta,666205,mulleky01
Cedric Mullins,Baltimore,656775,mullice01
Max Muncy,Los Angeles,571970,muncyma01
Yairo Mu\xc3\xb1oz,"Boston,Philadelphia",622168,munozya01
Patrick Murphy,Washington,641907,murphpa02
Sean Murphy,"Atlanta,Oakland",669221,murphse01
Tom Murphy,Seattle,608596,murphto04
Joe Musgrove,San Diego,605397,musgrjo01
S\xc3\xadmon Muzziotti,Philadelphia,665922,muzzisi01
Dane Myers,Miami,667472,myersda01
Wil Myers,"Cincinnati,San Diego",571976,myerswi01
Tommy Nance,Chicago,667297,nanceto01
Tyler Naquin,"Chicago,Cincinnati,New York",571980,naquity01
Omar Narv\xc3\xa1ez,"Milwaukee,New York",553882,narvaom01
Packy Naughton,Los Angeles,676050,naughpa01
Bo Naylor,Cleveland,666310,naylobo01
Josh Naylor,Cleveland,647304,naylojo01
Nick Neidert,Miami,663734,neideni01
Jimmy Nelson,Los Angeles,519076,nelsoji02
H\xc3\xa9ctor Neris,Philadelphia,593576,nerishe01
Zach Neto,Los Angeles,687263,netoza01
Sheldon Neuse,"Los Angeles,Oakland",641914,neusesh01
Tyler Nevin,"Baltimore,Detroit",663527,nevinty01
Sean Newcomb,Atlanta,656794,newcose01
Kevin Newman,"Cincinnati,Pittsburgh",621028,newmake01
Tom\xc3\xa1s Nido,New York,621512,nidoto01
Brandon Nimmo,New York,607043,nimmobr01
Ryan Noda,Oakland,676116,nodary01
Stephen Nogosek,New York,668665,nogosst01
John Nogowski,"Pittsburgh,St. Louis",596056,nogowjo01
Aaron Nola,Philadelphia,605400,nolaaa01
Austin Nola,San Diego,543592,nolaau01
Sean Nolin,Washington,543594,nolinse01
Lars Nootbaar,St. Louis,663457,nootbla01
Daniel Norris,Milwaukee,596057,norrida01
Jacob Nottingham,"Milwaukee,Seattle",641924,nottija01
Dom Nu\xc3\xb1ez,Colorado,624513,nunezdo01
Renato N\xc3\xba\xc3\xb1ez,Detroit,600524,nunezre01
Brian O\'Grady,San Diego,657434,ogradbr01
Ryan O\'Hearn,"Baltimore,Kansas City",656811,ohearry01
Logan O\'Hoppe,Los Angeles,681351,ohopplo01
Brian O\'Keefe,Seattle,657247,okeefbr01
Tyler O\'Neill,St. Louis,641933,oneilty01
Bailey Ober,Minnesota,641927,oberba01
Joseph Odom,Tampa Bay,641929,odomjo01
Rougned Odor,"Baltimore,New York,San Diego",596059,odorro01
Jake Odorizzi,Houston,543606,odorija01
Shohei Ohtani,Los Angeles,660271,ohtansh01
Steven Okert,Miami,595345,okertst01
Chris Okey,"Cincinnati,Los Angeles",608360,okeych01
Jared Oliva,Pittsburgh,666931,olivaja01
Edward Olivares,Kansas City,658668,olivaed02
Matt Olson,"Atlanta,Oakland",621566,olsonma02
Jonathan Ornelas,Texas,680716,orneljo01
Rafael Ortega,"Chicago,New York",542364,ortegra01
Joey Ortiz,Baltimore,687401,ortizjo06
Corey Oswalt,New York,621261,oswalco01
James Outman,Los Angeles,681546,outmaja01
Connor Overton,Pittsburgh,656818,overtco01
Johan Oviedo,St. Louis,670912,oviedjo01
Hunter Owen,Pittsburgh,670462,owenhu01
Chris Owings,"Baltimore,Colorado,Pittsburgh",572008,owingch01
Marcell Ozuna,Atlanta,542303,ozunama01
Cristian Pache,"Atlanta,Oakland,Philadelphia",665506,pachecr01
Chris Paddack,San Diego,663978,paddach01
Kevin Padlo,"Los Angeles,Pittsburgh,San Francisco,Seattle,Tampa Bay",656821,padloke01
Emilio Pag\xc3\xa1n,San Diego,641941,paganem01
Jermaine Palacios,Minnesota,650339,palacje01
Joshua Palacios,"Pittsburgh,Toronto,Washington",641943,palacjo01
Richie Palacios,"Cleveland,St. Louis",680700,palacri01
Joe Panik,"Miami,Toronto",605412,panikjo01
Michael Papierski,"Cincinnati,San Francisco",657709,papiemi01
Isaac Paredes,"Detroit,Tampa Bay",670623,paredis01
Kyren Paris,Los Angeles,677347,parisky01
Hoy Park,"New York,Pittsburgh",660829,parkho01
Gerardo Parra,Washington,467827,parrage01
Vinnie Pasquantino,Kansas City,686469,pasquvi01
Tyler Payne,Chicago,665066,paynety01
Mark Payton,"Chicago,Cincinnati",592622,paytoma01
Matt Peacock,Arizona,676840,peacoma01
Joc Pederson,"Atlanta,Chicago,San Francisco",592626,pederjo01
Liover Peguero,Pittsburgh,678894,pegueli01
Jeremy Pe\xc3\xb1a,Houston,665161,penaje02
David Peralta,"Arizona,Los Angeles,Tampa Bay",444482,peralda01
Freddy Peralta,Milwaukee,642547,peralfr01
Wily Peralta,Detroit,503449,peralwi01
Jos\xc3\xa9 Peraza,New York,606299,perazjo01
Oswald Peraza,New York,672724,perazos02
Geraldo Perdomo,Arizona,672695,perdoge01
Everson Pereira,New York,677592,pereiev01
Carlos P\xc3\xa9rez,Oakland,542208,perezca02
Carlos P\xc3\xa9rez,Chicago,656024,perezca03
Cionel P\xc3\xa9rez,Cincinnati,672335,perezci01
Hern\xc3\xa1n P\xc3\xa9rez,Washington,541650,perezhe01
Joe Perez,Houston,669309,perezjo02
Mart\xc3\xadn P\xc3\xa9rez,Boston,527048,perezma02
Michael P\xc3\xa9rez,"New York,Pittsburgh",605421,perezmi03
Roberto P\xc3\xa9rez,"Cleveland,Pittsburgh,San Francisco",547379,perezro02
Salvador Perez,Kansas City,521692,perezsa02
Blake Perkins,Milwaukee,663368,perkibl01
Dillon Peters,Pittsburgh,596071,peterdi01
DJ Peters,"Los Angeles,Texas",656847,peterdj01
David Peterson,New York,656849,peterda01
Jace Peterson,"Arizona,Milwaukee,Oakland",607054,peterja01
Tommy Pham,"Arizona,Boston,Cincinnati,New York,San Diego",502054,phamth01
Brett Phillips,"Baltimore,Los Angeles,Tampa Bay",621433,phillbr02
Evan Phillips,Los Angeles,623465,phillev01
Kevin Pillar,"Atlanta,Los Angeles,New York",607680,pillake01
Manny Pi\xc3\xb1a,"Atlanta,Milwaukee,Oakland",444489,pinama01
Chad Pinder,Oakland,640461,pindech01
Israel Pineda,Washington,672832,pinedis01
Michael Pineda,Minnesota,501381,pinedmi01
Ren\xc3\xa9 Pinto,Tampa Bay,650907,pintore02
Stephen Piscotty,Oakland,572039,piscost01
Nick Pivetta,Boston,601713,pivetni01
Kevin Plawecki,"Boston,Texas",608700,plaweke01
Nick Plummer,New York,663911,plummni01
Gregory Polanco,Pittsburgh,570256,polangr01
Jorge Polanco,Minnesota,593871,polanjo01
AJ Pollock,"Chicago,Los Angeles,San Francisco,Seattle",572041,polloaj01
Daniel Ponce de Leon,St. Louis,594965,ponceda01
Cody Ponce,Pittsburgh,664074,ponceco01
Zach Pop,Miami,647315,popza01
Sean Poppen,Pittsburgh,664092,poppese01
Logan Porter,Kansas City,682515,portelo01
Buster Posey,San Francisco,457763,poseybu01
Cody Poteet,Miami,547001,poteeco01
Yohel Pozo,Texas,650968,pozoyo01
Nick Pratto,Kansas City,668472,prattni01
David Price,Los Angeles,456034,priceda01
Ford Proctor,San Francisco,665154,proctfo01
Jurickson Profar,"Colorado,San Diego",595777,profaju01
Albert Pujols,"Los Angeles,St. Louis",405395,pujolal01
Cal Quantrill,Cleveland,615698,quantca01
Juniel Querecuto,St. Louis,578570,quereju01
Roman Quinn,"Philadelphia,Tampa Bay",596451,quinnro01
Jose Quintana,San Francisco,500779,quintjo01
Esteban Quiroz,Chicago,606019,quiroes01
Ceddanne Rafaela,Boston,678882,rafaece01
Cal Raleigh,Seattle,663728,raleica01
Luke Raley,"Los Angeles,Tampa Bay",670042,raleylu01
Harold Ram\xc3\xadrez,"Cleveland,Tampa Bay",623912,ramirha02
Jos\xc3\xa9 Ram\xc3\xadrez,Cleveland,608070,ramirjo01
Nick Ramirez,San Diego,598286,ramirni01
Yefry Ram\xc3\xadrez,Los Angeles,606162,ramirye01
Heliot Ramos,San Francisco,671218,ramoshe02
Henry Ramos,"Arizona,Cincinnati",592656,ramoshe01
Wilson Ramos,"Cleveland,Detroit",467092,ramoswi01
Drew Rasmussen,"Milwaukee,Tampa Bay",656876,rasmudr01
Corey Ray,Milwaukee,641999,rayco01
Robbie Ray,Toronto,592662,rayro02
Colin Rea,Milwaukee,607067,reaco01
J.T. Realmuto,Philadelphia,592663,realmjt01
Josh Reddick,Arizona,502210,reddijo01
Jake Reed,New York,596082,reedja02
Jakson Reetz,Washington,656883,reetzja01
Rob Refsnyder,"Boston,Minnesota",608701,refsnro01
Sean Reid-Foley,New York,656887,reidfse01
Zach Reks,"Los Angeles,Texas",676646,reksza01
Zach Remillard,Chicago,621545,remilza01
Anthony Rendon,Los Angeles,543685,rendoan01
Hunter Renfroe,"Boston,Cincinnati,Los Angeles,Milwaukee",592669,renfrhu01
Luis Rengifo,Los Angeles,650859,rengilu01
Alex Reyes,St. Louis,621052,reyesal02
Franmil Reyes,"Chicago,Cleveland,Kansas City",614177,reyesfr01
Pablo Reyes,"Boston,Milwaukee",622569,reyespa01
V\xc3\xadctor Reyes,Detroit,622682,reyesvi01
Bryan Reynolds,Pittsburgh,668804,reynobr01
Matt Reynolds,"Cincinnati,New York",608703,reynoma03
Garrett Richards,Boston,572070,richaga01
Trevor Richards,Milwaukee,670950,richatr01
JT Riddle,"Cincinnati,Minnesota",595375,riddljt01
Austin Riley,Atlanta,663586,rileyau01
Edwin R\xc3\xados,"Chicago,Los Angeles",621458,riosed01
Alfonso Rivas III,"Chicago,Pittsburgh,San Diego",663845,rivasal01
Webster Rivas,San Diego,593590,rivaswe01
Emmanuel Rivera,"Arizona,Kansas City",656896,riverem01
Ren\xc3\xa9 Rivera,"Cleveland,Washington",425784,riverre01
Sebasti\xc3\xa1n Rivero,Kansas City,665861,riverse01
Anthony Rizzo,"Chicago,New York",519203,rizzoan01
Luis Robert Jr.,Chicago,673357,roberlu01
Daniel Robertson,Milwaukee,621002,roberda10
David Robertson,Chicago,502085,roberda08
Kramer Robertson,St. Louis,670298,roberkr01
Chuckie Robinson,Cincinnati,642020,robinch04
V\xc3\xadctor Robles,Washington,645302,roblevi01
Jacob Robson,Detroit,615699,robsoja01
Brayan Rocchio,Cleveland,677587,rocchbr01
Brendan Rodgers,Colorado,663898,rodgebr02
Carlos Rod\xc3\xb3n,Chicago,607074,rodonca01
Eduardo Rodr\xc3\xadguez,Boston,593958,rodried05
Endy Rodr\xc3\xadguez,Pittsburgh,682848,rodrien01
Jefry Rodr\xc3\xadguez,Washington,622446,rodrije01
Jos\xc3\xa9 Rodriguez,Chicago,679563,rodrijo09
Julio Rodr\xc3\xadguez,Seattle,677594,rodriju01
Manuel Rodr\xc3\xadguez,Chicago,655889,rodrima01
Jake Rogers,Detroit,668670,rogerja03
Josh Rogers,Washington,642028,rogerjo01
Trevor Rogers,Miami,669432,rogertr01
Johan Rojas,Philadelphia,679032,rojasjo03
Jose Rojas,Los Angeles,670351,rojasjo02
Josh Rojas,"Arizona,Seattle",668942,rojasjo01
Miguel Rojas,"Los Angeles,Miami",500743,rojasmi02
Sal Romano,Cincinnati,607219,romansa01
Andrew Romine,Chicago,461865,rominan01
Austin Romine,"Chicago,Cincinnati,Los Angeles,St. Louis",519222,rominau01
Jos\xc3\xa9 Rond\xc3\xb3n,St. Louis,602922,rondojo02
Brent Rooker,"Kansas City,Minnesota,Oakland,San Diego",667670,rookebr01
Ben Rortvedt,"Minnesota,New York",666163,rortvbe01
Amed Rosario,"Cleveland,Los Angeles",642708,rosaram01
Eddie Rosario,"Atlanta,Cleveland",592696,rosared01
Eguy Rosario,San Diego,666703,rosareg01
Joe Ross,Washington,605452,rossjo01
Ram\xc3\xb3n Rosso,Philadelphia,665759,rossora01
Michael Rucker,Chicago,621074,ruckemi01
Darin Ruf,"Milwaukee,New York,San Francisco",573131,rufda01
Esteury Ruiz,"Milwaukee,Oakland,San Diego",665923,ruizes01
Jos\xc3\xa9 Ruiz,Chicago,614179,ruizjo01
Keibert Ruiz,"Los Angeles,Washington",660688,ruizke01
Rio Ruiz,"Baltimore,Colorado",547004,ruizri01
Blake Rutherford,Washington,666164,ruthebl01
Adley Rutschman,Baltimore,668939,rutscad01
Joe Ryan,Minnesota,657746,ryanjo04
Kyle Ryan,Chicago,594986,ryanky01
Hyun Jin Ryu,Toronto,547943,ryuhy01
Blake Sabol,San Francisco,666165,sabolbl01
C\xc3\xa9sar Salazar,Houston,663967,salazce01
Chris Sale,Boston,519242,salech01
Adrian Sampson,Chicago,592716,sampsad01
Aaron Sanchez,San Francisco,592717,sanchaa01
Adri\xc3\xa1n S\xc3\xa1nchez,Washington,506703,sanchad01
Ali S\xc3\xa1nchez,St. Louis,645305,sanchal04
Gary S\xc3\xa1nchez,"Minnesota,New York,San Diego",596142,sanchga02
Jes\xc3\xbas S\xc3\xa1nchez,Miami,660821,sanchje02
Miguel S\xc3\xa1nchez,Milwaukee,667376,sanchmi01
Yolmer Sanchez,"Boston,New York",570560,sanchca01
Pablo Sandoval,Atlanta,467055,sandopa01
Patrick Sandoval,Los Angeles,663776,sandopa02
Donny Sands,Philadelphia,664848,sandsdo01
Reiver Sanmartin,Cincinnati,665665,sanmare01
Miguel San\xc3\xb3,Minnesota,593934,sanomi01
Carlos Santana,"Kansas City,Milwaukee,Pittsburgh,Seattle",467793,santaca01
Danny Santana,Boston,542454,santada01
Dennis Santana,Los Angeles,642701,santade01
Edgar Santana,Atlanta,650828,santaed01
Anthony Santander,Baltimore,623993,santaan02
Tony Santillan,Cincinnati,663574,santito01
Josh Sborz,Texas,622250,sborzjo01
Nolan Schanuel,Los Angeles,694384,schanno01
Scott Schebler,Los Angeles,594988,schebsc01
Max Scherzer,"Los Angeles,Washington",453286,scherma01
Clarke Schmidt,New York,657376,schmicl01
Casey Schmitt,San Francisco,669477,schmica01
Davis Schneider,Toronto,676914,schneda03
Jonathan Schoop,Detroit,570731,schoojo01
Max Schrock,Cincinnati,621011,schroma01
Kyle Schwarber,"Boston,Philadelphia,Washington",656941,schwaky01
Frank Schwindel,"Chicago,Oakland",643524,schwifr01
Corey Seager,"Los Angeles,Texas",608369,seageco01
Kyle Seager,Seattle,572122,seageky01
Chandler Seagle,San Diego,676882,seaglch01
Jean Segura,"Miami,Philadelphia",516416,segurje01
Sam Selman,San Francisco,572125,selmasa01
Marcus Semien,"Texas,Toronto",543760,semiema01
Antonio Senzatela,Colorado,622608,senzaan01
Nick Senzel,Cincinnati,669222,senzeni01
Brian Serven,Colorado,661531,servebr01
Pedro Severino,"Baltimore,Milwaukee",600474,severpe01
Travis Shaw,"Boston,Milwaukee",543768,shawtr01
Gavin Sheets,Chicago,657757,sheetga01
Justus Sheffield,Seattle,656954,sheffju01
James Sherfy,Los Angeles,642073,sherfji01
Braden Shewmake,Atlanta,669699,shewmbr01
Zack Short,Detroit,670097,shortza01
Michael Siani,"Cincinnati,St. Louis",672279,sianimi01
Magneuris Sierra,"Los Angeles,Miami",642423,sierrma01
Andrelton Simmons,"Chicago,Minnesota",592743,simmoan01
Lucas Sims,Cincinnati,608371,simslu01
Jon Singleton,"Houston,Milwaukee",572138,singljo02
Jose Siri,"Houston,Tampa Bay",642350,sirijo01
Chance Sisco,"Baltimore,New York",642082,siscoch01
Tarik Skubal,Detroit,669373,skubata01
Austin Slater,San Francisco,596103,slateau01
Caleb Smith,Arizona,592761,smithca03
Dominic Smith,"New York,Washington",642086,smithdo02
Drew Smith,New York,622098,smithdr01
Josh Smith,Texas,669701,smithjo11
Kevan Smith,"Atlanta,Tampa Bay",607345,smithke04
Kevin Smith,"Oakland,Toronto",675656,smithke05
Pavin Smith,Arizona,656976,smithpa04
Riley Smith,Arizona,642092,smithri01
Will Smith,Los Angeles,669257,smithwi05
Canaan Smith-Njigba,Pittsburgh,675986,smithca05
Drew Smyly,Atlanta,592767,smylydr01
Blake Snell,San Diego,605483,snellbl01
Tyler Soderstrom,Oakland,691016,soderty01
Eric Sogard,Chicago,519299,sogarer01
Nick Solak,"Atlanta,Detroit,Texas",669256,solakni01
Donovan Solano,"Cincinnati,Minnesota,San Francisco",456781,solando01
Jorge Soler,"Atlanta,Kansas City,Miami",624585,solerjo01
Edmundo Sosa,"Philadelphia,St. Louis",624641,sosaed01
Lenyn Sosa,Chicago,672820,sosale01
Juan Soto,"San Diego,Washington",665742,sotoju01
Livan Soto,Los Angeles,670869,sotoli01
Steven Souza Jr.,"Los Angeles,Seattle",519306,souzast01
Cory Spangenberg,St. Louis,605486,spangco01
George Springer,Toronto,543807,springe01
Jacob Stallings,"Miami,Pittsburgh",607732,stallja01
Craig Stammen,San Diego,489334,stammcr01
Giancarlo Stanton,New York,519317,stantmi03
Max Stassi,Los Angeles,545358,stassma01
Justin Steele,Chicago,657006,steelju01
Spencer Steer,Cincinnati,668715,steersp01
Michael Stefanic,Los Angeles,683021,stefami01
Tyler Stephenson,Cincinnati,663886,stephty01
Andrew Stevenson,"Minnesota,Washington",664057,stevean01
Cal Stevenson,"Oakland,San Francisco",670276,steveca01
DJ Stewart,"Baltimore,New York",621466,stewadj01
Kohl Stewart,Chicago,640464,stewako01
Robert Stock,"Chicago,New York",476594,stockro01
Troy Stokes Jr.,Pittsburgh,657011,stoketr01
Trevor Story,"Boston,Colorado",596115,storytr01
Bryson Stott,Philadelphia,681082,stottbr01
Kyle Stowers,Baltimore,669065,stoweky01
Dee Strange-Gordon,Washington,543829,gordode01
Stephen Strasburg,Washington,544931,strasst01
Chris Stratton,Pittsburgh,608717,stratch01
Myles Straw,"Cleveland,Houston",664702,strawmy01
Hunter Strickland,Milwaukee,519326,strichu01
Spencer Strider,Atlanta,675911,stridsp01
Ross Stripling,Toronto,548389,stripro01
Marcus Stroman,New York,573186,stromma01
Garrett Stubbs,"Houston,Philadelphia",596117,stubbga01
Eugenio Su\xc3\xa1rez,"Cincinnati,Seattle",553993,suareeu01
Jos\xc3\xa9 Suarez,Los Angeles,660761,suarejo01
Ranger Su\xc3\xa1rez,Philadelphia,624133,suarera01
Wander Suero,Washington,593833,suerowa01
Brett Sullivan,San Diego,664954,sullibr01
Brent Suter,Milwaukee,608718,suterbr01
Jack Suwinski,Pittsburgh,669261,suwinja01
Kurt Suzuki,Los Angeles,435559,suzukku01
Seiya Suzuki,Chicago,673548,suzukse01
Travis Swaggerty,Pittsburgh,680552,swaggtr01
Dansby Swanson,"Atlanta,Chicago",621020,swansda01
Thomas Szapucki,New York,663378,szaputh01
Jameson Taillon,New York,592791,taillja01
Raimel Tapia,"Boston,Colorado,Milwaukee,Tampa Bay,Toronto",606132,tapiara01
Fernando Tatis Jr.,San Diego,665487,tatisfe02
Mike Tauchman,"Chicago,New York,San Francisco",643565,tauchmi01
Leody Taveras,Texas,665750,taverle01
Chris Taylor,Los Angeles,621035,tayloch03
Michael A. Taylor,"Kansas City,Minnesota",572191,taylomi02
Samad Taylor,Kansas City,669392,taylosa04
Tyrone Taylor,Milwaukee,621438,tayloty01
Anderson Tejeda,Texas,660731,tejedan01
Rowdy Tellez,"Milwaukee,Toronto",642133,tellero01
Jos\xc3\xa9 Tena,Cleveland,677588,tenajo01
Curtis Terry,Texas,663799,terrycu01
Matt Thaiss,Los Angeles,642136,thaisma01
Alek Thomas,Arizona,677950,thomaal01
Cody Thomas,Oakland,642137,thomaco01
Dillon Thomas,"Los Angeles,Seattle",605504,thomadi01
Lane Thomas,"St. Louis,Washington",657041,thomala02
Bubba Thompson,Texas,669352,thompbu01
Keegan Thompson,Chicago,624522,thompke02
Trayce Thompson,"Chicago,Los Angeles,San Diego",572204,thomptr01
Zach Thompson,Miami,605507,thompza01
Michael Toglia,Colorado,669911,toglimi01
Ka\'ai Tom,"Oakland,Pittsburgh,San Francisco",664789,tomka01
Josh Tomlin,Atlanta,458708,tomlijo01
Justin Topa,Milwaukee,623437,topaju01
Spencer Torkelson,Detroit,679529,torkesp01
Abraham Toro,"Houston,Milwaukee,Seattle",647351,toroab01
Luis Torrens,"Chicago,Seattle",620443,torrelu01
Gleyber Torres,New York,650402,torregl01
Ronald Torreyes,Philadelphia,591720,torrero01
Touki Toussaint,Atlanta,657053,toussto01
Ezequiel Tovar,Colorado,678662,tovarez01
Wilfredo Tovar,New York,541600,tovarwi01
Taylor Trammell,Seattle,666211,trammta01
Alan Trejo,Colorado,676701,trejoal01
Jose Trevino,"New York,Texas",624431,trevijo01
Jared Triolo,Pittsburgh,669707,triolja01
Chadwick Tromp,"Atlanta,San Francisco",644433,trompch01
Nick Tropeano,New York,607374,tropeni01
Mike Trout,Los Angeles,545361,troutmi01
Yoshi Tsutsugo,"Los Angeles,Pittsburgh,Tampa Bay",660294,tsutsyo01
Cole Tucker,"Colorado,Pittsburgh",657061,tuckeco01
Kyle Tucker,Houston,663656,tuckeky01
Brice Turang,Milwaukee,668930,turanbr02
Justin Turner,"Boston,Los Angeles",457759,turneju01
Trea Turner,"Los Angeles,Philadelphia,Washington",607208,turnetr01
Edwin Uceta,Los Angeles,670955,ucetaed01
Duane Underwood Jr.,Pittsburgh,621249,underdu01
Justin Upton,"Los Angeles,Seattle",457708,uptonju01
Jos\xc3\xa9 Ure\xc3\xb1a,Detroit,570632,urenajo01
Julio Ur\xc3\xadas,Los Angeles,628711,uriasju01
Luis Ur\xc3\xadas,"Boston,Milwaukee",649966,uriaslu01
Ram\xc3\xb3n Ur\xc3\xadas,Baltimore,602104,uriasra01
Jos\xc3\xa9 Urquidy,Houston,664353,urquijo01
Gio Urshela,"Los Angeles,Minnesota,New York",570482,urshegi01
Pat Valaika,Baltimore,642162,valaipa01
Enmanuel Valdez,Boston,665839,valdeen01
Framber Valdez,Houston,664285,valdefr01
Breyvic Valera,Toronto,591971,valerbr01
Josh VanMeter,"Arizona,Pittsburgh",642165,vanmejo01
Ildemaro Vargas,"Arizona,Chicago,Pittsburgh,Washington",545121,vargail01
Miguel Vargas,Los Angeles,678246,vargami01
Daulton Varsho,"Arizona,Toronto",662139,varshda01
Andrew Vaughn,Chicago,683734,vaughan01
Terrin Vavra,Baltimore,679631,vavrate01
Christian V\xc3\xa1zquez,"Boston,Houston,Minnesota",543877,vazquch01
Vince Velasquez,"Philadelphia,San Diego",592826,velasvi01
Andrew Velazquez,"Los Angeles,New York",623205,velazan01
Nelson Vel\xc3\xa1zquez,"Chicago,Kansas City",676369,velazne01
Alex Verdugo,Boston,657077,verdual01
Alex Vesia,Los Angeles,681911,vesiaal01
Mark Vientos,New York,668901,vientma01
Matt Vierling,"Detroit,Philadelphia",663837,vierlma01
Ryan Vilade,Colorado,668723,viladry01
David Villar,San Francisco,681584,villada01
Jonathan Villar,"Chicago,Los Angeles,New York",542340,villajo01
Meibrys Viloria,"Cleveland,Texas",650619,vilorme01
Daniel Vogelbach,"Milwaukee,New York,Pittsburgh",596129,vogelda01
Stephen Vogt,"Arizona,Atlanta,Oakland",519390,vogtst01
Luke Voit,"Milwaukee,New York,San Diego,Washington",572228,voitlu01
Anthony Volpe,New York,683011,volpean01
Jason Vosler,"Cincinnati,San Francisco",613564,vosleja01
Austin Voth,Washington,608723,vothau01
Joey Votto,Cincinnati,458015,vottojo01
Michael Wacha,Tampa Bay,608379,wachami01
Brandon Waddell,St. Louis,663399,waddebr01
LaMonte Wade Jr.,San Francisco,664774,wadela01
Tyler Wade,"Los Angeles,New York,Oakland",642180,wadety01
Adam Wainwright,St. Louis,425794,wainwad01
Christian Walker,Arizona,572233,walkech02
Jordan Walker,St. Louis,691023,walkejo02
Steele Walker,Texas,667727,walkest01
Taijuan Walker,New York,592836,walketa01
Forrest Wall,Atlanta,657088,wallfo01
Chad Wallach,"Los Angeles,Miami",595453,wallach01
Matt Wallner,Minnesota,670242,wallnma01
Taylor Walls,Tampa Bay,670764,wallsta01
Jared Walsh,Los Angeles,665120,walshja01
Donovan Walton,"San Francisco,Seattle",622268,waltodo01
Taylor Ward,Los Angeles,621493,wardta01
Drew Waters,Kansas City,671221,waterdr01
Tony Watson,Los Angeles,453265,watsoto01
Ryan Weathers,San Diego,677960,weathry01
Luke Weaver,Arizona,596133,weavelu01
Jacob Webb,Atlanta,657097,webbja01
Logan Webb,San Francisco,657277,webblo01
Tyler Webb,St. Louis,643778,webbty01
Colton Welker,Colorado,666213,welkeco01
Austin Wells,New York,669224,wellsau01
Joey Wendle,"Miami,Tampa Bay",621563,wendljo01
Jordan Westburg,Baltimore,676059,westbjo01
Zack Wheeler,Philadelphia,554430,wheelza01
Eli White,"Atlanta,Texas",642201,whiteel04
Evan White,Seattle,657108,whiteev01
Mitch White,Los Angeles,669952,whitemi03
Aaron Whitefield,Los Angeles,664334,whiteaa01
Garrett Whitlock,Boston,676477,whitlga01
Taylor Widener,Arizona,642203,widenta01
Joey Wiemer,Milwaukee,686894,wiemejo01
Stevie Wilkerson,Baltimore,592859,wilkest01
Alika Williams,Pittsburgh,675961,willial04
Justin Williams,St. Louis,642211,williju02
Luke Williams,"Atlanta,Los Angeles,Miami,Philadelphia,San Francisco",663897,willilu01
Mason Williams,New York,592863,willima10
Nick Williams,Chicago,608384,willini01
Trevor Williams,"Chicago,New York",592866,willitr01
Bryse Wilson,"Atlanta,Pittsburgh",669060,wilsobr02
Cody Wilson,Washington,680963,wilsoco01
Jacob Wilson,"Houston,Oakland",607111,wilsoja04
Marcus Wilson,Seattle,657129,wilsoma02
Weston Wilson,Philadelphia,642215,wilsowe01
Jesse Winker,"Cincinnati,Milwaukee,Seattle",608385,winkeje01
Dan Winkler,Chicago,595465,winklda01
Masyn Winn,St. Louis,691026,winnma01
Patrick Wisdom,Chicago,621550,wisdopa01
Brett Wisely,San Francisco,689172,wiselbr01
Matt Wisler,San Francisco,605538,wislema01
Bobby Witt Jr.,Kansas City,677951,wittbo02
Tony Wolters,"Chicago,Los Angeles",547172,wolteto01
Connor Wong,Boston,657136,wongco01
Kean Wong,Los Angeles,642221,wongke01
Kolten Wong,"Los Angeles,Milwaukee,Seattle",543939,wongko01
Alex Wood,San Francisco,622072,woodal02
Jake Woodford,St. Louis,663765,woodfja01
Brandon Woodruff,Milwaukee,605540,woodrbr01
Kyle Wright,Atlanta,657140,wrighky01
Austin Wynns,"Baltimore,Colorado,Los Angeles,San Francisco",642851,wynnsau01
Miguel Yajure,Pittsburgh,664337,yajurmi01
Jordan Yamamoto,New York,657141,yamamjo01
Ryan Yarbrough,Tampa Bay,642232,yarbrry01
Mike Yastrzemski,San Francisco,573262,yastrmi01
Christian Yelich,Milwaukee,592885,yelicch01
Juan Yepez,St. Louis,660766,yepezju01
Huascar Ynoa,Atlanta,660623,ynoahu01
Masataka Yoshida,Boston,807799,yoshima02
Alex Young,Arizona,622065,youngal01
Andrew Young,Arizona,670370,youngan02
Jacob Young,Washington,696285,youngja03
Jared Young,Chicago,676724,youngja02
Seby Zavala,"Arizona,Chicago",664874,zavalse01
Bradley Zimmer,"Cleveland,Philadelphia,Toronto",605548,zimmebr01
Ryan Zimmerman,Washington,475582,zimmery01
Bruce Zimmermann,Baltimore,669145,zimmebr02
Jordan Zimmermann,Milwaukee,519455,zimmejo02
Tyler Zuber,Kansas City,676604,zuberty01
Mike Zunino,"Cleveland,Tampa Bay",572287,zuninmi01
