Name,Tm,mlbID,key_bbref
Fernando Abad,"Baltimore,Colorado",472551,abadfe01
Andrew Abbott,Cincinnati,671096,abbotan01
Cory Abbott,"Chicago,Washington",676265,abbotco01
Albert Abreu,"Kansas City,New York,Texas",656061,abreual01
Bryan Abreu,Houston,650556,abreubr01
Domingo Acevedo,Oakland,642758,acevedo01
Garrett Acton,Oakland,670183,actonga01
Jason Adam,"Chicago,San Diego,Tampa Bay",592094,adamja01
Austin Adams,"Arizona,Oakland,San Diego",613534,adamsau02
Ty Adcock,"New York,Seattle",686654,adcocty01
Joan Adon,Washington,672851,adonjo01
Ehire Adrianza,Washington,501303,adriaeh01
Julian Aguiar,Cincinnati,687924,aguiaju01
Miguel Aguilar,Arizona,620396,aguilmi01
Keegan Akin,Baltimore,669211,akinke01
R.J. Alaniz,Cincinnati,595798,alanirj01
Andrew Albers,Minnesota,452027,alberan01
Hanser Alberto,"Chicago,Kansas City,Los Angeles",593643,alberha01
Jorge Alcal\xc3\xa1,Minnesota,660896,alcaljo01
Sandy Alc\xc3\xa1ntara,Miami,645261,alcansa01
Sergio Alc\xc3\xa1ntara,Chicago,642727,alcanse01
Sam Aldegheri,Los Angeles,691951,aldegsa01
Jason Alexander,Milwaukee,669920,alexaja01
Scott Alexander,"Los Angeles,Oakland,San Francisco",518397,alexasc02
Tyler Alexander,"Detroit,Tampa Bay",641302,alexaty01
A.J. Alexy,Texas,669935,alexyaj01
Kolby Allard,"Atlanta,Philadelphia,Texas",663465,allarko01
Cam Alldred,Pittsburgh,682027,alldrca01
Logan Allen,"Arizona,Baltimore,Cleveland",663531,allenlo01
Logan Allen,Cleveland,671106,allenlo02
Nick Allgeyer,Toronto,680430,allgeni01
Yency Almonte,"Chicago,Colorado,Los Angeles",622075,almonye01
Albert Almora,New York,546991,almoral01
Dan Altavilla,"Kansas City,San Diego",656186,altavda01
Jos\xc3\xa9 Alvarado,Philadelphia,621237,alvarjo03
Eddy Alvarez,New York,657193,alvared01
Jos\xc3\xa9 \xc3\x81lvarez,San Francisco,501625,alvarjo02
R.J. Alvarez,New York,571439,alvarrj01
Adbert Alzolay,Chicago,640470,alzolad01
Brett Anderson,Milwaukee,474463,anderbr04
Chase Anderson,"Boston,Cincinnati,Colorado,Philadelphia,Tampa Bay,Texas",502624,anderch01
Drew Anderson,Texas,623454,anderdr02
Grant Anderson,Texas,681982,andergr01
Ian Anderson,Atlanta,666120,anderia01
Justin Anderson,Chicago,605121,anderju01
Nick Anderson,"Atlanta,Kansas City,Tampa Bay",623433,anderni01
Shaun Anderson,"Baltimore,Miami,Minnesota,San Diego,Texas,Toronto",641312,andersh01
Tanner Anderson,Pittsburgh,664196,anderta01
Tyler Anderson,"Los Angeles,Pittsburgh,Seattle",542881,anderty01
Clayton Andrews,"Milwaukee,New York",677076,andrecl02
Matt Andriese,"Boston,Miami,Seattle",542882,andrima01
Tejay Antone,Cincinnati,622088,antonte01
Mark Appel,Philadelphia,571446,appelma01
V\xc3\xadctor Arano,Washington,644364,aranovi01
Jonathan Ara\xc3\xbaz,Boston,660620,arauzjo01
Chris Archer,"Minnesota,Tampa Bay",502042,archech01
Orlando Arcia,Atlanta,606115,arciaor01
Kohei Arihara,Texas,685503,arihako01
Shawn Armstrong,"Baltimore,Chicago,Miami,St. Louis,Tampa Bay",542888,armstsh01
Jake Arrieta,"Chicago,San Diego",453562,arrieja01
Spencer Arrighetti,Houston,681293,arrigsp01
Christian Arroyo,Boston,624414,arroych01
Aaron Ashby,Milwaukee,676879,ashbyaa01
Graham Ashcraft,Cincinnati,668933,ashcrgr01
Javier Assad,Chicago,665871,assadja01
Willians Astudillo,"Miami,Minnesota",553902,astudwi01
Nick Avila,San Francisco,687014,avilani01
Pedro Avila,"Cleveland,San Diego",658648,avilape01
Luis Avil\xc3\xa1n,Washington,501593,avilalu01
John Axford,Milwaukee,446099,axforjo01
Lake Bachar,Miami,669199,bachala01
Sam Bachman,Los Angeles,696147,bachmsa01
Michel B\xc3\xa1ez,San Diego,673258,baezmi01
Pedro B\xc3\xa1ez,Houston,520980,baezpe01
Bryan Baker,"Baltimore,Toronto",641329,bakerbr01
Jordan Balazovic,Minnesota,666364,balazjo02
Alberto Baldonado,Washington,593604,baldoal01
Anthony Banda,"Los Angeles,New York,Pittsburgh,Toronto,Washington",607455,bandaan01
Tanner Banks,"Chicago,Philadelphia",621383,banksta01
Manny Banuelos,"New York,Pittsburgh",544365,banuema01
Caleb Baragar,San Francisco,670056,baragca01
Daniel Bard,Colorado,453268,bardda01
Luke Bard,"New York,Tampa Bay",572703,bardlu01
Luke Barker,Milwaukee,673316,barkelu01
Joe Barlow,Texas,669618,barlojo01
Scott Barlow,"Cleveland,Kansas City,San Diego",605130,barlosc01
Charlie Barnes,Minnesota,656212,barnech01
Jacob Barnes,"Detroit,New York,St. Louis,Toronto,Washington",606930,barneja01
Matt Barnes,"Boston,Miami,Washington",598264,barnema01
Tucker Barnhart,"Arizona,Chicago,Detroit",571466,barnhtu01
Kyle Barraclough,"Boston,Los Angeles,Minnesota",607457,barraky01
Manny Barreda,Baltimore,518435,barrema03
Jaime Barria,Los Angeles,642545,barrija01
Anthony Bass,"Miami,Toronto",542914,bassan01
Chris Bassitt,"New York,Oakland,Toronto",605135,bassich01
Brady Basso,Oakland,669620,bassobr01
Matthew Batten,San Diego,676946,battema01
Peyton Battenfield,Cleveland,685410,battepe01
Trevor Bauer,Los Angeles,545333,bauertr01
Jake Bauers,Milwaukee,641343,bauerja01
Mike Baumann,"Baltimore,Los Angeles,Miami,San Francisco,Seattle",657508,baumami01
F\xc3\xa9lix Bautista,Baltimore,642585,bautife01
Shane Baz,Tampa Bay,669358,bazsh01
Eduard Bazardo,"Baltimore,Boston,Seattle",660825,bazared01
Jeremy Beasley,Toronto,676886,beaslje01
Matt Beaty,San Francisco,607461,beatyma01
Tristan Beck,San Francisco,663941,becktr01
David Bednar,Pittsburgh,670280,bednada01
Cam Bedrosian,"Cincinnati,Oakland,Philadelphia",592135,bedroca01
Tyler Beede,"Cleveland,Pittsburgh,San Francisco",595881,beedety01
Jalen Beeks,"Colorado,Pittsburgh,Tampa Bay",656222,beeksja02
Clayton Beeter,New York,690925,beetecl01
Andrew Bellatti,"Miami,Philadelphia",571479,bellaan01
Brayan Bello,Boston,678394,bellobr01
Valente Bellozo,Miami,678368,bellova01
Anthony Bemboom,Los Angeles,621532,bemboan01
Anthony Bender,Miami,669622,bendean01
Wes Benjamin,Texas,605138,benjawe01
Travis Bergen,Toronto,664157,bergetr01
Jonathan Berm\xc3\xbadez,Miami,642834,bermujo01
Brennan Bernardino,"Boston,Seattle",657514,bernabr01
Jos\xc3\xa9 Berr\xc3\xados,"Minnesota,Toronto",621244,berrijo01
Prelander Berroa,"Chicago,Seattle",672860,berropr01
Dellin Betances,New York,476454,betande01
Christian Bethancourt,"Oakland,Tampa Bay",542194,bethach01
Alec Bettinger,Milwaukee,676424,bettial01
Joe Biagini,Chicago,607352,biagijo01
Tanner Bibee,Cleveland,676440,bibeeta01
Phil Bickford,"Los Angeles,Milwaukee,New York",641360,bickfph01
Jesse Biddle,Atlanta,592145,biddlje01
Osvaldo Bido,"Oakland,Pittsburgh",674370,bidoos01
Shane Bieber,Cleveland,669456,biebesh01
Brandon Bielak,"Houston,Oakland",656232,bielabr01
Hunter Bigge,"Chicago,Tampa Bay",685801,biggehu01
Jake Bird,Colorado,656234,birdja01
Hayden Birdsong,San Francisco,806185,birdsha01
Spencer Bivens,San Francisco,702352,bivensp01
Ty Blach,Colorado,621389,blachty01
Mason Black,San Francisco,696131,blackma01
Paul Blackburn,"New York,Oakland",621112,blackpa01
Bradley Blalock,"Colorado,Milwaukee",687134,blalobr01
Ronel Blanco,Houston,669854,blancro01
Alex Blandino,Cincinnati,607468,blandal01
Richard Bleier,"Boston,Miami",542947,bleieri01
Scott Blewett,"Kansas City,Minnesota",656240,blewesc01
Jake Bloss,Houston,814005,blossja01
Ronald Bola\xc3\xb1os,Kansas City,671790,bolanro01
Cody Bolton,"Pittsburgh,Seattle",675989,boltoco01
Cam Booser,Boston,592155,booseca01
Ryan Borucki,"Pittsburgh,Seattle,Toronto",621366,borucry01
Akeem Bostick,New York,641384,bostiak01
David Bote,Chicago,623520,boteda01
Caleb Boushley,"Milwaukee,Minnesota",676961,boushca01
Ben Bowden,Colorado,641386,bowdebe01
Jonathan Bowlan,Kansas City,680742,bowlajo01
Matt Bowman,"Arizona,Baltimore,Minnesota,New York,Seattle",621199,bowmama01
Brad Boxberger,"Chicago,Milwaukee",502202,boxbebr01
Matthew Boyd,"Cleveland,Detroit,Seattle",571510,boydma01
Joe Boyle,Oakland,671212,boylejo01
Brad Brach,Cincinnati,542960,brachbr01
Silvino Bracho,"Atlanta,Cincinnati",611093,brachsi01
Cody Bradford,Texas,674003,bradfco01
Kyle Bradish,Baltimore,680694,bradiky01
Archie Bradley,"Los Angeles,Miami,Philadelphia",605151,bradlar01
Jackie Bradley Jr.,Boston,598265,bradlja02
Taj Bradley,Tampa Bay,671737,bradlta01
Matt Brash,Seattle,666374,brashma01
Ryan Brasier,"Boston,Los Angeles",518489,brasiry01
Steven Brault,"Chicago,Pittsburgh",643230,braulst01
Huascar Brazob\xc3\xa1n,"Miami,New York",623211,brazohu01
John Brebbia,"Atlanta,Chicago,San Francisco",605154,brebbjo01
Brandon Brennan,Boston,592165,brennbr01
Jake Brentz,Kansas City,641394,brentja01
Colten Brewer,"Boston,Chicago,New York",605155,breweco01
Austin Brice,"Boston,Pittsburgh",592169,briceau01
Beau Brieske,Detroit,689225,briesbe01
Jeff Brigham,"Miami,New York",656257,brighje01
Braden Bristo,"Detroit,Tampa Bay",668754,bristbr01
Jhony Brito,"New York,San Diego",666745,britojh01
Zack Britton,New York,502154,brittza01
Connor Brogdon,"Los Angeles,Philadelphia",641401,brogdco01
Aaron Brooks,"Oakland,St. Louis",605156,brookaa01
Mike Brosseau,Milwaukee,670712,brossmi01
Rex Brothers,Chicago,571521,brothre01
Ben Brown,Chicago,676962,brownbe02
Hunter Brown,Houston,686613,brownhu01
JT Brubaker,Pittsburgh,664141,brubajt01
Justin Bruihl,"Colorado,Los Angeles,Pittsburgh",677865,bruihju01
Vidal Bruj\xc3\xa1n,Miami,660644,brujavi01
Zach Brzykcy,Washington,694350,brzykza01
Kris Bubic,Kansas City,663460,bubickr01
David Buchanan,Cincinnati,571527,buchada01
Ryan Buchter,Arizona,488748,buchtry01
Walker Buehler,Los Angeles,621111,buehlwa01
JB Bukauskas,"Arizona,Milwaukee,Seattle",656266,bukaujb01
Madison Bumgarner,Arizona,518516,bumgama01
Aaron Bummer,"Atlanta,Chicago",607481,bummeaa01
Dylan Bundy,"Los Angeles,Minnesota",605164,bundydy01
Nick Burdi,"Chicago,New York",595897,burdini01
Zack Burdi,"Baltimore,Chicago,Tampa Bay",641420,burdiza01
Raymond Burgos,San Francisco,670103,burgora01
Brock Burke,"Los Angeles,Texas",656271,burkebr01
Sean Burke,Chicago,680732,burkese01
Alec Burleson,St. Louis,676475,burleal01
Corbin Burnes,"Baltimore,Milwaukee",669203,burneco01
Andy Burns,Los Angeles,542992,burnsan01
Ryan Burr,"Chicago,Toronto",621114,burrry01
Beau Burrows,"Detroit,Minnesota",663366,burrobe01
Mike Burrows,Pittsburgh,681347,burromi01
Alan Busenitz,Cincinnati,641427,busenal01
Ky Bush,Chicago,681066,bushky01
Matt Bush,"Milwaukee,Texas",456713,bushma01
Jos\xc3\xa9 Butt\xc3\xb3,New York,676130,buttojo01
Asdr\xc3\xbabal Cabrera,Arizona,452678,cabreas01
Edward Cabrera,Miami,665795,cabreed02
G\xc3\xa9nesis Cabrera,"St. Louis,Toronto",650893,cabrege01
Oswaldo Cabrera,New York,665828,cabreos01
Kelvin C\xc3\xa1ceres,Los Angeles,680983,cacerke01
Trevor Cahill,Pittsburgh,502239,cahiltr01
Blair Calvo,Colorado,663971,calvobl01
Daniel Camarena,San Diego,547176,camarda01
Isaiah Campbell,"Boston,Seattle",663462,campbis01
Paul Campbell,Miami,669294,campbpa02
Griffin Canning,Los Angeles,656288,cannigr01
Jonathan Cannon,Chicago,686563,cannojo02
Yennier Cano,"Baltimore,Minnesota",666974,canoye01
Joey Cantillo,Cleveland,676282,cantijo01
Matt Carasiti,Colorado,571539,carasma01
Victor Caratini,Milwaukee,605170,caratvi01
Drew Carlton,"Detroit,San Diego",656290,carltdr01
Matt Carpenter,St. Louis,572761,carpema01
Carlos Carrasco,"Cleveland,New York",471911,carraca01
Ben Casparius,Los Angeles,676508,caspabe01
Daniel Castano,Miami,641447,castada01
Ryan Castellani,"Colorado,Oakland",624418,castery01
Humberto Castellanos,Arizona,528748,castehu01
Diego Castillo,"Minnesota,Seattle,Tampa Bay",650895,castidi01
Diego Castillo,Pittsburgh,660636,castidi02
Jos\xc3\xa9 Castillo,San Diego,620454,castijo03
Luis Castillo,Detroit,622379,castilu03
Luis Castillo,"Cincinnati,Seattle",622491,castilu02
Max Castillo,"Kansas City,Toronto",666721,castima03
Anthony Castro,"Cleveland,Toronto",621593,castran02
Harold Castro,"Colorado,Detroit",605612,castrha01
Kervin Castro,"Chicago,San Francisco",665645,castrke01
Miguel Castro,"Arizona,New York",612434,castrmi01
Willi Castro,Minnesota,650489,castrwi01
Cade Cavalli,Washington,676917,cavalca01
Dylan Cease,"Chicago,San Diego",656302,ceasedy01
Slade Cecconi,Arizona,677944,ceccosl01
Luis Cessa,"Cincinnati,New York",570666,cessalu01
Jhoulys Chac\xc3\xadn,Colorado,468504,chacijh01
Andrew Chafin,"Arizona,Chicago,Detroit,Milwaukee,Oakland,Texas",605177,chafian01
Yu Chang,Tampa Bay,644374,changyu01
Aroldis Chapman,"Kansas City,New York,Pittsburgh,Texas",547973,chapmar01
JT Chargois,"Miami,Seattle,Tampa Bay",608638,chargjt01
Tyler Chatwood,"San Francisco,Toronto",543022,chatwty01
Jesse Chavez,"Atlanta,Chicago,Los Angeles",445926,chaveje01
Yonny Chirinos,"Atlanta,Miami,Tampa Bay",630023,chiriyo01
Angel Chivilli,Colorado,683409,chivian01
Marc Church,Texas,687847,churcma01
Adam Cimber,"Los Angeles,Miami,Toronto",643256,cimbead01
Steve Cishek,"Los Angeles,Washington",518553,cishest01
Jos\xc3\xa9 Cisnero,"Detroit,Los Angeles",542585,cisnejo01
Aaron Civale,"Cleveland,Milwaukee,Tampa Bay",650644,civalaa01
Taylor Clarke,"Arizona,Kansas City",664199,clarkta01
Emmanuel Clase,Cleveland,661403,claseem01
Alex Claudio,"Los Angeles,Milwaukee,New York",592222,claudal01
Sam Clay,"New York,Washington",621348,claysa01
Garrett Cleavinger,"Los Angeles,Tampa Bay",664076,cleavga01
Kody Clemens,"Detroit,Philadelphia",665019,clemeko01
Ernie Clement,"Cleveland,Toronto",676391,clemeer01
Mike Clevinger,"Chicago,San Diego",605182,clevimi01
Tyler Clippard,"Arizona,Washington",461325,clippty01
Alex Cobb,"Cleveland,Los Angeles,San Francisco",502171,cobbal01
Kyle Cody,Texas,621129,codyky01
A.J. Cole,Toronto,595918,coleaj01
Gerrit Cole,New York,543037,colege01
Dylan Coleman,"Houston,Kansas City",669395,colemdy01
Alex Colom\xc3\xa9,"Chicago,Colorado,Minnesota",517008,colomal01
Adam Conley,Tampa Bay,543045,conlead01
Luis Contreras,Houston,664351,contrlu01
Roansy Contreras,"Los Angeles,Pittsburgh",672710,contrro01
Sam Coonrod,"New York,Philadelphia",656322,coonrsa01
Patrick Corbin,Washington,571578,corbipa01
Jimmy Cordero,New York,622772,cordeji01
Nestor Cortes,New York,641482,cortene01
Tom Cosgrove,San Diego,676680,cosgrto01
Jharel Cotton,"Minnesota,San Francisco,Texas",605194,cottojh01
Danny Coulombe,"Baltimore,Minnesota",543056,couloda01
Jake Cousins,"Milwaukee,New York",664776,cousija01
Dylan Covey,"Los Angeles,Philadelphia",592229,coveydy01
Austin Cox,Kansas City,680735,coxau01
Brandon Crawford,"San Francisco,St. Louis",543063,crawfbr01
Kutter Crawford,Boston,676710,crawfku01
Stefan Crichton,Arizona,592233,crichst01
Kyle Crick,"Chicago,Pittsburgh",605195,crickky01
Nabil Crismatt,"Arizona,Los Angeles,San Diego",622503,crismna01
Cooper Criswell,"Boston,Los Angeles,Tampa Bay",681867,criswco01
Jeff Criswell,Colorado,676105,criswje01
Garrett Crochet,Chicago,676979,crochga01
Jake Cronenworth,San Diego,630105,croneja01
Declan Cronin,"Chicago,Miami",686539,cronide01
Hans Crouse,"Los Angeles,Philadelphia",668968,crousha01
Wil Crowe,Pittsburgh,640444,crowewi01
Fernando Cruz,Cincinnati,518585,cruzfe01
Jesus Cruz,Atlanta,672911,cruzje01
Steven Cruz,Kansas City,674444,cruzst01
Jos\xc3\xa9 Cuas,"Chicago,Kansas City,Toronto",621016,cuasjo01
Johnny Cueto,"Chicago,Los Angeles,Miami,San Francisco",456501,cuetojo01
Charlie Culberson,Texas,518586,culbech01
Xzavion Curry,"Cleveland,Miami",675540,curryxz01
John Curtiss,"Colorado,Miami,Milwaukee,New York",595928,curtijo02
Tyler Cyr,"Los Angeles,Oakland,Philadelphia",664202,cyrty01
Caden Dana,Los Angeles,702674,danaca01
Davis Daniel,Los Angeles,669721,danieda01
Tyler Danish,Boston,641501,danisty01
Hagen Danner,Toronto,668470,danneha01
Yu Darvish,San Diego,506433,darviyu01
Tucker Davidson,"Atlanta,Baltimore,Kansas City,Los Angeles",656353,davidtu01
Zach Davies,"Arizona,Chicago",605200,davieza02
Austin Davis,"Boston,Minnesota,Pittsburgh,San Diego",656354,davisau01
Noah Davis,Colorado,663562,davisno01
Wade Davis,Kansas City,451584,daviswa01
Grant Dayton,Atlanta,594795,daytogr01
Brett de Geus,"Arizona,Miami,Seattle,Texas,Toronto",676969,degeubr01
\xc3\x81ngel De Jes\xc3\xbas,Detroit,669804,dejesan01
Enmanuel De Jesus,Miami,646241,dejesen01
Chase De Jong,Pittsburgh,608328,dejonch01
Jos\xc3\xa9 De Le\xc3\xb3n,"Cincinnati,Minnesota",592254,deleojo03
Enyel De Los Santos,"Chicago,Cleveland,New York,Philadelphia,Pittsburgh,San Diego",660853,delosen01
Yerry De Los Santos,Pittsburgh,660787,delosye01
Jacob deGrom,"New York,Texas",594798,degroja01
Miguel Del Pozo,Detroit,600887,delpomi01
Matt Dermody,"Boston,Chicago",571616,dermoma01
Anthony DeSclafani,San Francisco,543101,desclan01
Reid Detmers,Los Angeles,672282,detmere01
Ross Detwiler,"Cincinnati,Miami,San Diego",446321,detwiro01
Chris Devenski,"Arizona,Los Angeles,Philadelphia,Tampa Bay",606965,devench02
Alexis D\xc3\xadaz,Cincinnati,664747,diazal03
Edwin D\xc3\xadaz,New York,621242,diazed04
Jhonathan D\xc3\xadaz,"Los Angeles,Seattle",646242,diazjh01
Miguel D\xc3\xadaz,"Detroit,Houston,San Diego",622766,diazmi02
Yennsy D\xc3\xadaz,New York,660546,diazye01
Yilber Diaz,Arizona,700270,diazyi01
Corey Dickerson,St. Louis,572816,dickeco01
Brandon Dickson,St. Louis,505447,dicksbr01
Phillip Diehl,Cincinnati,670426,diehlph01
Jake Diekman,"Boston,Chicago,New York,Oakland,Tampa Bay",518617,diekmja01
Wilmer Difo,Pittsburgh,594694,difowi01
Marcos Dipl\xc3\xa1n,Baltimore,650959,diplama01
Brandon Dixon,San Diego,641525,dixonbr01
Randy Dobnak,Minnesota,677976,dobnara01
Dylan Dodd,Atlanta,689266,dodddy01
Kyle Dohy,Philadelphia,675971,dohyky01
Rafael Dolis,Toronto,503569,dolisra01
Seranthony Dom\xc3\xadnguez,"Baltimore,Philadelphia",622554,dominse01
Josh Donaldson,New York,518626,donaljo02
Sean Doolittle,"Cincinnati,Seattle,Washington",448281,doolise01
Camilo Doval,San Francisco,666808,dovalca01
Kyle Dowdy,Cincinnati,664871,dowdyky01
Tommy Doyle,Colorado,656382,doyleto01
Hunter Dozier,Kansas City,641531,doziehu01
Brandon Drury,New York,592273,drurybr01
Daniel Duarte,"Cincinnati,Minnesota",650960,duartda01
Shawn Dubin,Houston,681869,dubinsh01
Tyler Duffey,"Chicago,Kansas City,Minnesota",608648,duffety01
Danny Duffy,Kansas City,518633,duffyda01
Matt Duffy,"Chicago,Kansas City",622110,duffyma01
Robert Dugger,"Cincinnati,Seattle,Tampa Bay",667498,duggero01
Justin Dunn,"Cincinnati,Seattle",643290,dunnju01
Dane Dunning,Texas,641540,dunnida01
Parker Dunshee,Atlanta,670161,dunshpa01
Jon Duplantier,Arizona,641541,duplajo01
Jhoan Dur\xc3\xa1n,Minnesota,661395,duranjh01
Nick Duron,Philadelphia,663975,duronni01
Adam Eaton,Los Angeles,594809,eatonad02
Nate Eaton,Kansas City,681987,eatonna01
Jake Eder,Chicago,671109,ederja01
Carl Edwards Jr.,"Atlanta,San Diego,Toronto,Washington",605218,edwarca01
Scott Effross,"Chicago,New York",664123,effrosc01
Zach Eflin,"Baltimore,Philadelphia,Tampa Bay",621107,eflinza01
Jerad Eickhoff,"New York,Pittsburgh",595191,eickhje01
Brandon Eisert,Toronto,685126,eiserbr01
Bryce Elder,Atlanta,693821,elderbr01
Roenis El\xc3\xadas,Seattle,606273,eliasro01
Fraser Ellard,Chicago,686642,ellarfr01
Seth Elledge,St. Louis,676220,elledse01
Chris Ellis,"Baltimore,Tampa Bay",595939,ellisch01
Kent Emanuel,"Houston,Miami",592288,emanuke01
Mason Englert,Detroit,669438,englema01
Dietrich Enns,Tampa Bay,608650,ennsdi01
Nathan Eovaldi,"Boston,Texas",543135,eovalna01
Lucas Erceg,"Kansas City,Oakland",668674,erceglu01
Robbie Erlin,Los Angeles,572362,erlinro01
Alcides Escobar,Washington,444876,escobal02
Eduardo Escobar,Los Angeles,500871,escobed01
Thomas Eshelman,Baltimore,664045,eshelto01
Jose Espada,San Diego,664744,espadjo01
Raynel Espinal,"Boston,Cincinnati",642659,espinra01
Paolo Espino,"Toronto,Washington",502179,espinpa01
Anderson Espinoza,Chicago,659262,espinan01
Joey Estes,Oakland,683155,estesjo01
Carlos Est\xc3\xa9vez,"Colorado,Los Angeles,Philadelphia",608032,estevca01
Jeremiah Estrada,"Chicago,San Diego",669093,estraje01
Demarcus Evans,Texas,663770,evansde01
Phillip Evans,Pittsburgh,595943,evansph01
Alex Faedo,Detroit,656412,faedoal01
Pete Fairbanks,Tampa Bay,664126,fairbpe01
Bailey Falter,"Philadelphia,Pittsburgh",663559,falteba01
Jeurys Familia,"Boston,New York,Oakland,Philadelphia",544727,familje01
Jake Faria,"Arizona,Boston",607188,fariaja01
Buck Farmer,"Cincinnati,Detroit",571656,farmebu01
Kyle Farmer,Minnesota,571657,farmeky01
Luke Farrell,"Chicago,Cincinnati,Minnesota",608652,farrelu01
Calvin Faucher,"Miami,Tampa Bay",676534,fauchca01
Erick Fedde,"Chicago,St. Louis,Washington",607200,feddeer01
Brady Feigl,Pittsburgh,621399,feiglbr01
Angel Felipe,Oakland,665734,felipan01
Michael Feliz,"Boston,Cincinnati,Oakland,Pittsburgh",593140,felizmi01
Neftal\xc3\xad Feliz,"Los Angeles,Philadelphia",491703,felizne01
Ryan Feltner,Colorado,663372,feltnry01
Caleb Ferguson,"Houston,Los Angeles,New York",657571,ferguca01
Tyler Ferguson,Oakland,621053,ferguty01
Julian Fern\xc3\xa1ndez,Colorado,642759,fernaju02
Junior Fern\xc3\xa1ndez,"Pittsburgh,St. Louis",658551,fernaju01
Ryan Fernandez,St. Louis,681676,fernary01
Jose A. Ferrer,Washington,678606,ferrejo01
David Festa,Minnesota,701581,festada01
Matt Festa,"New York,Seattle,Texas",670036,festama01
J.P. Feyereisen,"Los Angeles,Milwaukee,Tampa Bay",656420,feyerjo01
Mike Fiers,Oakland,571666,fiersmi01
Kyle Finnegan,Washington,640448,finneky01
Nate Fisher,New York,688010,fishena01
Jake Fishman,Miami,670288,fishmja01
Richard Fitts,Boston,690916,fittsri01
Tyler Fitzgerald,San Francisco,666149,fitzgty01
Jay Flaa,"Atlanta,Baltimore",664852,flaaja01
Jack Flaherty,"Baltimore,Detroit,Los Angeles,St. Louis",656427,flaheja01
Josh Fleming,"Pittsburgh,Tampa Bay",676596,flemijo01
Aaron Fletcher,"Pittsburgh,Seattle",667465,fletcaa01
Chris Flexen,"Chicago,Colorado,Seattle",623167,flexech01
Bernardo Flores Jr.,St. Louis,641576,florebe01
Dylan Floro,"Arizona,Miami,Minnesota,Washington",571670,florody01
Jason Foley,Detroit,671345,foleyja01
Mike Foltynewicz,Texas,592314,foltymi01
Mike Ford,"Atlanta,Seattle",645801,fordmi01
Matt Foster,Chicago,641582,fostema01
J.P. France,Houston,641585,francjp01
Bowden Francis,Toronto,670102,francbo01
Seth Frankoff,Arizona,571676,frankse01
Kyle Freeland,Colorado,607536,freelky01
Mike Freeman,Cincinnati,502273,freemmi01
Luis Fr\xc3\xadas,"Arizona,Toronto",666818,friaslu01
Max Fried,Atlanta,608331,friedma01
David Fry,Cleveland,681807,fryda01
Jace Fry,Chicago,605240,fryja01
Paul Fry,"Arizona,Baltimore",643316,frypa01
Joshua Fuentes,Colorado,658069,fuentjo01
Shintaro Fujinami,"Baltimore,Oakland",660261,fujinsh01
Carson Fulmer,"Cincinnati,Los Angeles",608334,fulmeca01
Michael Fulmer,"Chicago,Detroit,Minnesota",605242,fulmemi01
Kody Funderburk,Minnesota,681892,fundeko01
Kyle Funkhouser,Detroit,608335,funkhky01
Hunter Gaddis,Cleveland,683769,gaddihu01
Matt Gage,"Houston,Toronto",657424,gagema01
Giovanny Gallegos,St. Louis,606149,gallegi01
Zac Gallen,Arizona,668678,galleza01
John Gant,"Minnesota,St. Louis",607231,gantjo01
Gerson Garabito,Texas,642520,garabge01
Bryan Garcia,Detroit,650530,garcibr01
Deivi Garc\xc3\xada,"Chicago,New York",665620,garcide01
Edgar Garc\xc3\xada,"Cincinnati,Minnesota",658305,garcied01
Jarl\xc3\xadn Garc\xc3\xada,San Francisco,606424,garcija04
Luis Garc\xc3\xada,"Boston,Los Angeles,San Diego,St. Louis",472610,garcilu03
Luis Garcia,Houston,677651,garcilu05
Rico Garcia,"Baltimore,Oakland,Washington",670329,garciri01
Robel Garc\xc3\xada,Houston,596825,garciro02
Robert Garcia,"Miami,Washington",676395,garciro04
Rony Garc\xc3\xada,Detroit,665621,garciro03
Yimi Garc\xc3\xada,"Houston,Miami,Seattle,Toronto",554340,garciyi01
Amir Garrett,"Cincinnati,Kansas City,Los Angeles",607237,garream01
Braxton Garrett,Miami,666129,garrebr01
Reed Garrett,"Baltimore,New York,Washington",657585,garrere01
Justin Garza,"Boston,Cleveland",621057,garzaju01
Ralph Garza,"Houston,Minnesota,Tampa Bay",621248,garzara01
Robert Gasser,Milwaukee,688107,gassero01
Kevin Gausman,"San Francisco,Toronto",592332,gausmke01
Domingo Germ\xc3\xa1n,"New York,Pittsburgh",593334,germado01
Franklin German,Boston,681464,germafr02
Ian Gibaut,"Cincinnati,Cleveland,Minnesota",664139,gibauia01
Kyle Gibson,"Baltimore,Philadelphia,St. Louis,Texas",502043,gibsoky01
Luis Gil,New York,661563,gillu01
Logan Gilbert,Seattle,669302,gilbelo01
Tyler Gilbert,"Arizona,Philadelphia",656457,gilbety01
Lucas Gilbreath,Colorado,656458,gilbrlu01
Ken Giles,Seattle,571704,gileske01
Logan Gillaspie,"Baltimore,San Diego",670810,gillalo01
Connor Gillispie,Cleveland,687362,gillico01
Kevin Ginkel,Arizona,656464,ginkeke01
J.T. Ginn,Oakland,669372,ginnjt01
Lucas Giolito,"Chicago,Cleveland,Los Angeles",608337,giolilu01
Sawyer Gipson-Long,Detroit,687830,gipsosa01
Mychal Givens,"Baltimore,Chicago,Cincinnati,Colorado,New York",571710,givenmy01
Tyler Glasnow,"Los Angeles,Tampa Bay",607192,glasnty01
Zack Godley,Milwaukee,643327,godleza01
Austin Gomber,Colorado,596295,gombeau01
Yoendrys G\xc3\xb3mez,New York,672782,gomezyo01
Stephen Gonsalves,Boston,624427,gonsast01
Tony Gonsolin,Los Angeles,664062,gonsoto01
Marco Gonzales,"Pittsburgh,Seattle",594835,gonzama02
Chi Chi Gonz\xc3\xa1lez,"Colorado,Miami,Milwaukee,Minnesota,New York",592346,gonzach01
Luis Gonz\xc3\xa1lez,San Francisco,670768,gonzalu03
Marwin Gonz\xc3\xa1lez,"Boston,New York",503556,gonzama01
Romy Gonzalez,Chicago,663853,gonzaro01
Victor Gonz\xc3\xa1lez,"Los Angeles,New York",624647,gonzavi02
Nick Gordon,Minnesota,624503,gordoni01
Tanner Gordon,Colorado,685299,gordota01
MacKenzie Gore,"San Diego,Washington",669022,gorema01
Anthony Gose,Cleveland,543238,gosean01
Phil Gosselin,Los Angeles,594838,gosseph01
Trevor Gott,"Milwaukee,New York,Seattle",641627,gotttr01
Ashton Goudeau,"Cincinnati,Colorado",623485,goudeas01
Gordon Graceffo,St. Louis,700669,gracego01
Brusdar Graterol,Los Angeles,660813,gratebr01
Kendall Graveman,"Chicago,Houston,Seattle",608665,graveke01
Jon Gray,"Colorado,Texas",592351,grayjo02
Josiah Gray,"Los Angeles,Washington",680686,grayjo03
Sonny Gray,"Cincinnati,Minnesota,St. Louis",543243,grayso01
Chad Green,"New York,Toronto",643338,greench03
Conner Greene,"Baltimore,Los Angeles",641632,greenco01
Hunter Greene,Cincinnati,668881,greenhu01
Shane Greene,"Atlanta,Chicago,Los Angeles,New York",572888,greensh02
Zack Greinke,"Houston,Kansas City",425844,greinza01
Randal Grichuk,Colorado,545341,grichra01
Foster Griffin,"Kansas City,Toronto",656492,grifffo01
Justin Grimm,Oakland,518748,grimmju01
Michael Grove,Los Angeles,675627,grovemi01
Robert Gsellman,"Chicago,New York",607229,gsellro01
Reymin Guduan,Oakland,594056,guduare01
Sean Guenther,"Detroit,Miami",674944,guentse01
Deolis Guerra,Oakland,500610,guerrde01
Javy Guerra,Washington,457915,guerrja01
Javy Guerra,"Milwaukee,San Diego,Tampa Bay",642770,guerrja02
Junior Guerra,Los Angeles,448855,guerrju02
Luis Guerrero,Boston,692285,guerrlu01
Luis Guillorme,"Atlanta,Los Angeles,New York",641645,guilllu01
Preston Guilmet,Miami,543258,guilmpr01
Jandel Gustave,Milwaukee,594311,gustaja01
Vladimir Gutierrez,"Cincinnati,Miami",661269,gutievl01
Jorge Guzm\xc3\xa1n,Miami,660422,guzmajo04
Josh Hader,"Houston,Milwaukee,San Diego",623352,haderjo01
Jake Hager,Arizona,606993,hagerja01
Jesse Hahn,Kansas City,534910,hahnje01
David Hale,Philadelphia,571735,haleda02
Darick Hall,Philadelphia,669742,hallda02
DL Hall,"Baltimore,Milwaukee",669084,halldl01
Seth Halvorsen,Colorado,678020,halvose01
Ian Hamilton,"Minnesota,New York",641656,hamilia01
J.D. Hammer,Philadelphia,670456,hammejd01
Garrett Hampson,Kansas City,641658,hampsga01
Emerson Hancock,Seattle,676106,hancoem01
Brad Hand,"Atlanta,Colorado,New York,Philadelphia,Toronto,Washington",543272,handbr01
Eric Hanhold,Baltimore,621098,hanhoer01
Brenan Hanifee,Detroit,669724,hanifbr01
J.A. Happ,"Minnesota,St. Louis",457918,happja01
Blaine Hardy,Milwaukee,543278,hardybl01
Ryne Harper,Washington,607560,harpery01
Hobie Harris,Washington,665048,harriho02
Hogan Harris,Oakland,663687,harriho03
Will Harris,Washington,501789,harriwi10
Josh Harrison,"Chicago,Philadelphia",543281,harrijo05
Kyle Harrison,San Francisco,690986,harriky01
Geoff Hartlieb,"Colorado,Miami,New York,Pittsburgh",664129,hartlge01
Ryan Hartman,Houston,670057,hartmry01
Grant Hartwig,New York,701643,hartwgr01
Hunter Harvey,"Baltimore,Kansas City,Washington",640451,harvehu01
Matt Harvey,Baltimore,518774,harvema01
Thomas Hatch,"Pittsburgh,Toronto",641672,hatchto01
Louis Head,"Baltimore,Miami,Tampa Bay",545343,headlo01
Brent Headrick,Minnesota,687396,headrbr01
Andrew Heaney,"Los Angeles,New York,Texas",571760,heanean01
Taylor Hearn,"Atlanta,Kansas City,Texas",621368,hearnta01
Jonathan Heasley,"Baltimore,Kansas City",669169,heasljo01
Austin Hedges,"Cleveland,Texas",595978,hedgeau01
Tyler Heineman,Toronto,623168,heinety01
Ben Heller,"Atlanta,Pittsburgh",621294,hellebe01
Ryan Helsley,St. Louis,664854,helslry01
Heath Hembree,"Cincinnati,Los Angeles,New York,Pittsburgh,Tampa Bay",592390,hembrhe01
Kyle Hendricks,Chicago,543294,hendrky01
Liam Hendriks,Chicago,521230,hendrli01
Ryan Hendrix,Cincinnati,641682,hendrry01
Blair Henley,Houston,668874,henlebl01
Edgardo Henriquez,Los Angeles,683618,henried01
Ronny Henriquez,Minnesota,678692,henriro01
Tommy Henry,Arizona,674072,henryto01
David Hensley,Miami,682073,henslda01
Sam Hentges,Cleveland,656529,hentgsa01
Jimmy Herget,"Atlanta,Los Angeles,Texas",623474,hergeji01
Kevin Herget,"Cincinnati,Milwaukee,Tampa Bay",643361,hergeke01
Carlos Hern\xc3\xa1ndez,Kansas City,672578,hernaca04
Darwinzon Hern\xc3\xa1ndez,Boston,650382,hernada02
Daysbel Hern\xc3\xa1ndez,Atlanta,678226,hernada03
Elieser Hern\xc3\xa1ndez,"Los Angeles,Miami,Milwaukee",622694,hernael01
Enrique Hern\xc3\xa1ndez,Los Angeles,571771,hernaen02
Jonathan Hern\xc3\xa1ndez,"Seattle,Texas",642546,hernajo02
Jose Hernandez,Pittsburgh,669796,hernajo03
Nick Hernandez,"Houston,San Diego",663321,hernani01
Yonny Hern\xc3\xa1ndez,Los Angeles,660634,hernayo02
Jos\xc3\xa9 Herrera,Arizona,645444,herrejo04
Tim Herrin,Cleveland,682120,herriti01
DJ Herz,Washington,687792,herzdj01
David Hess,"Miami,Tampa Bay",605276,hessda01
Codi Heuer,Chicago,676051,heuerco01
Aaron Hicks,Los Angeles,543305,hicksaa01
Jordan Hicks,"San Francisco,St. Louis,Toronto",663855,hicksjo03
Trevor Hildenberger,New York,657610,hildetr01
Garrett Hill,Detroit,682051,hillga02
Jaden Hill,Colorado,677955,hillja01
Rich Hill,"Boston,New York,Pittsburgh,San Diego,Tampa Bay",448179,hillri01
Tim Hill,"Chicago,New York,San Diego",657612,hillti01
Sean Hjelle,San Francisco,663546,hjellse01
Porter Hodge,Chicago,687863,hodgepo01
Bryan Hoeing,"Miami,San Diego",663773,hoeinbr01
Jeff Hoffman,"Cincinnati,Philadelphia",656546,hoffmje02
Bryan Holaday,Arizona,592407,holadbr01
Colin Holderman,"New York,Pittsburgh",670059,holdeco01
Derek Holland,Detroit,502706,hollade01
Greg Holland,"Kansas City,Texas",518813,hollagr01
Jordan Holloway,Miami,656548,hollojo01
Gavin Hollowell,"Chicago,Colorado",668970,holloga01
Grant Holman,Oakland,680880,holmagr01
Clay Holmes,"New York,Pittsburgh",605280,holmecl01
Grant Holmes,Atlanta,656550,holmegr01
Brock Holt,Texas,571788,holtbr01
Tyler Holton,"Arizona,Detroit",663947,holtoty01
Brent Honeywell Jr.,"Chicago,Los Angeles,Pittsburgh,San Diego,Tampa Bay",641703,honeybr01
Bailey Horn,Boston,690544,hornba01
Tanner Houck,Boston,656557,houckta01
Adrian Houser,"Milwaukee,New York",605288,housead01
Sam Howard,Pittsburgh,607572,howarsa01
Spencer Howard,"Cleveland,Philadelphia,San Francisco,Texas",675921,howarsp01
James Hoyt,Los Angeles,624586,hoytja01
Bryan Hudson,"Los Angeles,Milwaukee",663542,hudsobr01
Dakota Hudson,"Colorado,St. Louis",641712,hudsoda02
Daniel Hudson,"Los Angeles,San Diego,Washington",543339,hudsoda01
Brandon Hughes,"Arizona,Chicago",676714,hughebr01
Tommy Hunter,New York,488984,hunteto02
Kyle Hurt,Los Angeles,669165,hurtky01
Brant Hurter,Detroit,676428,hurtebr01
Drew Hutchison,Detroit,571800,hutchdr01
Raisel Iglesias,"Atlanta,Los Angeles",628452,iglesra01
Shota Imanaga,Chicago,684007,imanash01
Kolton Ingram,Los Angeles,688427,ingrako01
Jairo Iriarte,Chicago,683568,iriarja01
Cole Irvin,"Baltimore,Minnesota,Oakland",608344,irvinco01
Jake Irvin,Washington,663623,irvinja01
Tyler Ivey,Houston,663959,iveyty01
Andre Jackson,"Los Angeles,Pittsburgh",656578,jacksan01
Jay Jackson,"Atlanta,Minnesota,San Francisco,Toronto",543351,jacksja01
Luke Jackson,"Atlanta,San Francisco",592426,jackslu01
Zach Jackson,Oakland,667427,jacksza02
Alek Jacob,San Diego,689690,jacobal01
Joe Jacques,"Arizona,Boston",682175,jacqujo01
Josh James,Houston,657624,jamesjo02
Drey Jameson,Arizona,686753,jamesdr01
Mickey Jannis,Baltimore,595263,jannimi01
Kenley Jansen,"Atlanta,Boston,Los Angeles",445276,janseke01
Bryce Jarvis,Arizona,686826,jarvibr01
Cristian Javier,Houston,664299,javiecr01
Griffin Jax,Minnesota,643377,jaxgr01
Tyler Jay,"Milwaukee,New York",664079,jayty01
Daulton Jefferies,"Oakland,Pittsburgh,San Francisco",641726,jeffeda01
Jake Jewell,Chicago,657228,jewelja01
Dany Jim\xc3\xa9nez,Oakland,666204,jimenda01
Joe Jim\xc3\xa9nez,"Atlanta,Detroit",641729,jimenjo02
Jackson Jobe,Detroit,695549,jobeja01
DJ Johnson,"Cleveland,Tampa Bay",597113,johnsdj01
Pierce Johnson,"Atlanta,Colorado,San Diego",572955,johnspi01
Seth Johnson,Philadelphia,686751,johnsse01
Damon Jones,Philadelphia,676103,jonesda07
Jared Jones,Pittsburgh,683003,jonesja09
Nate Jones,"Atlanta,Los Angeles",518858,jonesna01
Ben Joyce,Los Angeles,690829,joycebe01
Jakob Junis,"Cincinnati,Kansas City,Milwaukee,San Francisco",596001,junisja01
Janson Junk,"Los Angeles,Milwaukee,Oakland",676083,junkja01
Evan Justice,Colorado,687145,justiev01
Tommy Kahnle,"Los Angeles,New York",592454,kahnlto01
James Kaprielian,Oakland,621076,kaprija01
Ricky Karcher,Cincinnati,676689,karchri01
James Karinchak,Cleveland,675916,karinja01
Karl Kauffmann,Colorado,666154,kauffka01
Anthony Kay,"Chicago,New York,Toronto",641743,kayan01
Scott Kazmir,San Francisco,431148,kazmisc01
Keone Kela,San Diego,605309,kelake01
Brad Keller,"Boston,Chicago,Kansas City",641745,kellebr01
Kyle Keller,Pittsburgh,664918,kelleky01
Mitch Keller,Pittsburgh,656605,kellemi03
Trevor Kelley,"Milwaukee,Tampa Bay",665001,kelletr01
Carson Kelly,"Arizona,Detroit",608348,kellyca02
Casey Kelly,Cincinnati,543391,kellyca01
Joe Kelly,"Chicago,Los Angeles",523260,kellyjo05
Kevin Kelly,Tampa Bay,687330,kellyke02
Merrill Kelly,Arizona,518876,kellyme01
Michael Kelly,"Cleveland,Oakland,Philadelphia",547184,kellymi03
Zack Kelly,Boston,677161,kellyza01
Brett Kennedy,Cincinnati,664028,kennebr02
Ian Kennedy,"Arizona,Philadelphia,Texas",453178,kenneia01
Orion Kerkering,Philadelphia,689147,kerkeor01
Ray Kerr,"Atlanta,San Diego",678061,kerrra01
Clayton Kershaw,Los Angeles,477132,kershcl01
Grae Kessinger,Houston,666197,kessigr01
Dallas Keuchel,"Arizona,Chicago,Milwaukee,Minnesota,Texas",572971,keuchda01
Mike Kickham,Los Angeles,592464,kickhmi01
Yusei Kikuchi,"Houston,Seattle,Toronto",579328,kikucyu01
Caleb Kilian,Chicago,668873,kiliaca01
Kwang Hyun Kim,St. Louis,547942,kimkw01
Craig Kimbrel,"Baltimore,Chicago,Los Angeles,Philadelphia",518886,kimbrcr01
Isiah Kiner-Falefa,"New York,Toronto",643396,kineris01
Bryan King,Houston,687911,kingbr02
John King,"St. Louis,Texas",667463,kingjo01
Michael King,"New York,San Diego",650633,kingmi01
Tyler Kinley,Colorado,641755,kinlety01
Brandon Kintzler,Philadelphia,445213,kintzbr01
George Kirby,Seattle,669923,kirbyge01
Austin Kitchen,Miami,685116,kitchau01
Andrew Kittredge,"St. Louis,Tampa Bay",552640,kittran01
Will Klein,"Kansas City,Oakland",694361,kleinwi01
Gabe Klobosits,Washington,656620,kloboga01
Adam Kloffenstein,St. Louis,680572,kloffad01
Corey Kluber,"Boston,New York,Tampa Bay",446372,klubeco01
Landon Knack,Los Angeles,689017,knackla01
Andrew Knapp,Philadelphia,595284,knappan01
Corey Knebel,"Los Angeles,Philadelphia",608349,knebeco01
Reiss Knehr,San Diego,663753,knehrre01
Dusten Knight,"Baltimore,Tampa Bay",643400,knighdu01
Andrew Knizner,"St. Louis,Texas",668800,kniznan01
Matt Koch,"Colorado,Seattle",571863,kochma01
Jack Kochanowicz,Los Angeles,686799,kochaja01
Jared Koenig,"Milwaukee,Oakland",657649,koenija01
Brody Koerner,New York,621259,koernbr01
Adam Kolarek,"Los Angeles,New York,Oakland",592473,kolarad01
Stephen Kolek,San Diego,663568,kolekst01
Michael Kopech,"Chicago,Los Angeles",656629,kopecmi01
Jackson Kowar,Kansas City,663804,kowarja01
Max Kranick,Pittsburgh,668820,kranima01
Evan Kravetz,Cincinnati,667478,kraveev01
Joey Krehbiel,"Baltimore,Tampa Bay",607216,krehbjo01
Dean Kremer,Baltimore,665152,kremede01
Brooks Kriske,"Baltimore,Kansas City,New York",621139,kriskbr01
Zac Kristofak,Los Angeles,670219,kristza01
Ian Krol,Detroit,571871,krolia01
Matt Krook,"Baltimore,New York",640454,krookma01
Chad Kuhl,"Chicago,Colorado,Pittsburgh,Washington",641771,kuhlch01
Joel Kuhnel,"Cincinnati,Houston,Tampa Bay",669270,kuhnejo01
Joe La Sorsa,"Tampa Bay,Washington",686747,lasorjo01
A.J. Ladwig,Miami,607609,ladwiaj01
Brady Lail,Seattle,621078,lailbr01
Travis Lakins Sr.,Baltimore,664042,lakintr01
Jake Lamb,Los Angeles,571875,lambja01
Jimmy Lambert,Chicago,669424,lambeji01
Peter Lambert,Colorado,663567,lambepe01
Dinelson Lamet,"Boston,Colorado,Los Angeles,San Diego",659275,lametdi01
Alex Lange,Detroit,656638,langeal01
Jacob Latz,Texas,656641,latzja01
Eric Lauer,Milwaukee,641778,lauerer01
Derek Law,"Cincinnati,Detroit,Minnesota,Washington",571882,lawde01
Casey Lawrence,"St. Louis,Toronto",596271,lawreca01
Justin Lawrence,Colorado,664875,lawreju01
Max Lazar,Philadelphia,676661,lazarma01
Kyle Leahy,St. Louis,681517,leahyky01
Jordan Leasure,Chicago,673929,leasujo01
Wade LeBlanc,"Baltimore,St. Louis",453281,leblawa01
Jos\xc3\xa9 Leclerc,Texas,600917,leclejo01
Dylan Lee,Atlanta,669276,leedy01
Evan Lee,Washington,681885,leeev01
Casey Legumina,Cincinnati,668984,legumca01
Brandon Leibrandt,Cincinnati,605335,leibrbr01
Jack Leiter,Texas,683004,leiteja01
Mark Leiter Jr.,"Chicago,New York",643410,leitema02
Jacob Lemoine,Oakland,621082,lemoija01
Sandy Le\xc3\xb3n,"Cleveland,Miami,Texas",506702,leonsa01
Dominic Leone,"Chicago,Los Angeles,New York,San Francisco,Seattle",608678,leonedo01
Jon Lester,"St. Louis,Washington",452657,lestejo01
Josh Lester,Baltimore,623507,lestejo02
Matthew Liberatore,St. Louis,669461,liberma01
Josh Lindblom,Milwaukee,458676,lindbjo01
Jeff Lindgren,Miami,689167,lindgje01
Zack Littell,"Boston,San Francisco,Tampa Bay",641793,litteza01
Brendon Little,"Chicago,Toronto",663893,littlbr02
Luke Little,Chicago,681432,littllu01
Ben Lively,"Cincinnati,Cleveland",594902,livelbe01
Mauricio Llovera,"Boston,Philadelphia,San Francisco",661440,llovema01
Jonathan Lo\xc3\xa1isiga,New York,642528,loaisjo01
Kyle Lobstein,Washington,543456,lobstky01
Nick Lodolo,Cincinnati,666157,lodolni01
Nick Loftin,Kansas City,679845,loftini01
Zach Logue,"Detroit,Los Angeles,Oakland",656657,logueza01
Sam Long,"Kansas City,Oakland,San Francisco",669674,longsa01
Alejo L\xc3\xb3pez,Cincinnati,664670,lopezal03
Jacob Lopez,Tampa Bay,682052,lopezja04
Jorge L\xc3\xb3pez,"Baltimore,Chicago,Miami,Minnesota,New York",605347,lopezjo02
Jos\xc3\xa9 Lopez,Tampa Bay,673111,lopezjo04
Nicky Lopez,"Atlanta,Kansas City",670032,lopezni01
Pablo L\xc3\xb3pez,"Miami,Minnesota",641154,lopezpa01
Reynaldo L\xc3\xb3pez,"Atlanta,Chicago,Cleveland,Los Angeles",625643,lopezre01
Yoan L\xc3\xb3pez,"Arizona,New York",661255,lopezyo01
Michael Lorenzen,"Cincinnati,Detroit,Kansas City,Los Angeles,Philadelphia,Texas",547179,lorenmi01
Aaron Loup,"Los Angeles,New York",571901,loupaa01
Ryan Loutos,St. Louis,702795,loutory01
Richard Lovelady,"Chicago,Kansas City,Oakland,Tampa Bay",663992,lovelri01
Rhett Lowder,Cincinnati,695076,lowderh01
Zac Lowther,Baltimore,675912,lowthza01
Easton Lucas,"Detroit,Oakland,Toronto",687922,lucasea01
Joey Lucchesi,New York,664192,lucchjo01
Lucas Luetge,"Atlanta,New York",476595,luetglu01
Seth Lugo,"Kansas City,New York,San Diego",607625,lugose01
Jordan Luplow,"Minnesota,Tampa Bay",656669,luplojo01
Jes\xc3\xbas Luzardo,"Miami,Oakland",666200,luzarje01
Jordan Lyles,"Baltimore,Kansas City,Texas",543475,lylesjo01
Daniel Lynch IV,Kansas City,663738,lynchda02
Lance Lynn,"Chicago,Los Angeles,St. Louis",458681,lynnla01
Andr\xc3\xa9s Machado,Washington,600921,machaan02
Josh Maciejewski,New York,656671,maciejo01
Ty Madden,Detroit,680744,maddety01
Lu\xc3\xads Madero,Miami,650347,maderlu01
Bligh Madris,Houston,676632,madribl01
Kenta Maeda,"Detroit,Minnesota",628317,maedake01
Tyler Mahle,"Cincinnati,Minnesota,Texas",641816,mahlety01
Luke Maile,"Cincinnati,Milwaukee",571912,mailelu01
Anthony Maldonado,Miami,687424,maldoan01
Mart\xc3\xadn Maldonado,Houston,455117,maldoma01
Sean Manaea,"New York,Oakland,San Diego,San Francisco",640455,manaese01
Matt Manning,Detroit,666159,mannima02
Alek Manoah,Toronto,666201,manoaal01
Joe Mantiply,Arizona,573009,mantijo01
Dillon Maples,Chicago,596027,mapledi01
Nick Margevicius,Seattle,676606,margeni01
Ron Marinaccio,New York,676760,marinro01
Michael Mariot,Cincinnati,592527,mariomi01
Parker Markel,Oakland,571917,markepa01
Germ\xc3\xa1n M\xc3\xa1rquez,Colorado,608566,marquge01
Alec Marsh,Kansas City,679525,marshal01
Evan Marshall,Chicago,605359,marshev01
Jos\xc3\xa9 Marte,Los Angeles,665896,martejo01
Yunior Marte,"Philadelphia,San Francisco",628708,marteyu01
Brett Martin,Texas,656685,martibr01
Chris Martin,"Atlanta,Boston,Chicago,Los Angeles",455119,martich02
Corbin Martin,Arizona,656686,martico02
Davis Martin,Chicago,663436,martida03
Adri\xc3\xa1n Martinez,Oakland,661309,martiad01
Carlos Mart\xc3\xadnez,St. Louis,593372,martica04
Justin Martinez,Arizona,679885,martiju01
Nick Martinez,"Cincinnati,San Diego",607259,martini01
Seth Martinez,Houston,661527,martise01
Miles Mastrobuoni,Chicago,670156,mastrmi01
Wyatt Mathisen,Arizona,621500,mathiwy01
Nick Maton,Philadelphia,665155,matonni01
Phil Maton,"Cleveland,Houston,New York,Tampa Bay",664208,matonph01
Yuki Matsui,San Diego,673513,matsuyu01
Zebby Matthews,Minnesota,805673,matthze01
Isaac Mattson,"Baltimore,Pittsburgh",676755,mattsis01
Steven Matz,"St. Louis,Toronto",571927,matzst01
Tyler Matzek,Atlanta,554431,matzety01
Dustin May,Los Angeles,669160,maydu01
Trevor May,"New York,Oakland",543507,maytr01
Mike Mayers,"Kansas City,Los Angeles",594577,mayermi01
Jack Mayfield,"Los Angeles,Seattle",608686,mayfija01
Tim Mayza,"New York,Toronto",641835,mayzati01
Adam Mazur,San Diego,800049,mazurad01
Chris Mazza,Tampa Bay,607391,mazzach01
Zach McAllister,New York,502083,mcallza01
James McArthur,Kansas City,663704,mcartja01
James McCann,Baltimore,543510,mccanja02
Kirk McCarty,Cleveland,668948,mccarki01
Darren McCaughan,"Cleveland,Miami,Seattle",670766,mccauda01
Shane McClanahan,Tampa Bay,663556,mcclash01
Lance McCullers Jr.,Houston,621121,mcculla02
Chayce McDermott,Baltimore,694646,mcderch01
Trevor McDonald,San Francisco,686790,mcdontr01
T.J. McFarland,"New York,Oakland,St. Louis",519008,mcfartj01
Easton McGee,"Seattle,Tampa Bay",668834,mcgeeea01
Jake McGee,"Milwaukee,San Francisco,Washington",459429,mcgeeja01
Scott McGough,Arizona,543518,mcgousc01
Kyle McGowin,Washington,641851,mcgowky01
Michael McGreevy,St. Louis,700241,mcgremi01
Reese McGuire,Boston,624512,mcguire01
Collin McHugh,"Atlanta,Tampa Bay",543521,mchugco01
David McKay,"New York,Oakland,Tampa Bay",641853,mckayda02
Ryan McKenna,Baltimore,663630,mckenry01
Triston McKenzie,Cleveland,663474,mckentr01
Zach McKinstry,Detroit,656716,mckinza01
John McMillon,"Kansas City,Miami",669111,mcmiljo01
Alex McRae,Chicago,656725,mcraeal01
John Means,Baltimore,607644,meansjo01
Nick Mears,"Colorado,Milwaukee,Pittsburgh",683232,mearsni01
Victor Mederos,Los Angeles,682989,medervi01
Adonis Medina,"New York,Philadelphia",658431,medinad01
Luis Medina,Oakland,665622,medinlu02
James Meeker,Milwaukee,703231,meekeja01
Trevor Megill,"Chicago,Milwaukee,Minnesota",656730,megiltr01
Tylor Megill,New York,656731,megilty01
Ryan Meisinger,Chicago,664682,meisiry01
Francisco Mejia,Tampa Bay,642336,mejiafr01
Humberto Mej\xc3\xada,Arizona,650668,mejiahu01
J.C. Mej\xc3\xada,"Cleveland,Milwaukee",650496,mejiaje02
Mark Melancon,"Arizona,San Diego",453343,melanma01
Keury Mella,Arizona,622492,mellake01
Cristian Mena,Arizona,691441,menacr01
Danny Mendick,"Chicago,New York",664901,mendida01
Conner Menez,"Chicago,San Francisco",669214,menezco01
Daniel Mengden,Kansas City,596043,mengdda01
Michael Mercado,Philadelphia,675650,mercami01
Yerm\xc3\xadn Mercedes,Chicago,606213,merceye01
Whit Merrifield,Toronto,593160,merriwh01
Julian Merryweather,"Chicago,Toronto",657240,merryju01
Matt Mervis,Chicago,670223,mervima01
Max Meyer,Miami,676974,meyerma01
Keynan Middleton,"Arizona,Chicago,New York,Seattle",641871,middlke01
Miles Mikolas,St. Louis,571945,mikolmi01
Wade Miley,"Chicago,Cincinnati,Milwaukee",489119,mileywa01
Andrew Miller,St. Louis,453192,millean01
Bobby Miller,Los Angeles,676272,millebo06
Brad Miller,Texas,543543,millebr02
Bryce Miller,Seattle,682243,millebr04
Erik Miller,San Francisco,669062,milleer01
Justin Miller,"St. Louis,Washington",502522,milleju02
Mason Miller,Oakland,695243,millema03
Owen Miller,Milwaukee,680911,milleow01
Ryan Miller,Los Angeles,668943,millery01
Shelby Miller,"Chicago,Detroit,Los Angeles,Pittsburgh,San Francisco",571946,millesh01
Tyson Miller,"Chicago,Los Angeles,Milwaukee,New York,Seattle,Texas",668338,millety01
Alec Mills,"Chicago,Cincinnati",621219,millsal02
Wyatt Mills,"Kansas City,Seattle",670090,millswy01
Hoby Milner,Milwaukee,571948,milneho01
Tommy Milone,"Seattle,Toronto",543548,milonto01
Juan Minaya,Minnesota,573668,minayju01
Mike Minor,"Cincinnati,Kansas City",501985,minormi01
A.J. Minter,Atlanta,621345,minteaj01
Anthony Misiewicz,"Arizona,Detroit,Kansas City,New York,Seattle",664948,misiean01
Bryan Mitchell,Miami,571951,mitchbr01
Casey Mize,Detroit,663554,mizeca01
Carmen Mlodzinski,Pittsburgh,669387,mlodzca01
Anthony Molina,Colorado,683627,molinan01
Yadier Molina,St. Louis,425877,molinya01
Sam Moll,"Cincinnati,Oakland",594580,mollsa01
Frankie Montas,"Cincinnati,Milwaukee,New York,Oakland",593423,montafr02
Keider Montero,Detroit,672456,monteke01
Rafael Montero,"Houston,Seattle",606160,montera01
Bryce Montes de Oca,New York,656755,montebr01
Jordan Montgomery,"Arizona,New York,St. Louis,Texas",656756,montgjo01
Mason Montgomery,Tampa Bay,682254,montgma01
Matt Moore,"Cleveland,Los Angeles,Miami,Philadelphia,Texas",519043,moorema02
McKinley Moore,Philadelphia,686842,mooremc01
Francisco Morales,Philadelphia,672839,moralfr02
Brian Moran,Los Angeles,572383,moranbr01
Jovani Mor\xc3\xa1n,Minnesota,663558,moranjo01
Adri\xc3\xa1n Morej\xc3\xb3n,San Diego,670970,morejad01
Mitch Moreland,Oakland,519048,morelmi01
Dauri Moreta,"Cincinnati,Pittsburgh",664294,moretda01
Adam Morgan,Chicago,605388,morgaad01
Eli Morgan,Cleveland,669212,morgael01
Shawn Morimando,Miami,596049,morimsh01
Reyes Moronta,"Arizona,Los Angeles,San Francisco",606625,moronre01
Cody Morris,Cleveland,663752,morrico01
Charlie Morton,Atlanta,450203,mortoch02
Zach Muckenhirn,New York,669105,muckeza01
Kyle Muller,"Atlanta,Oakland",666205,mulleky01
Andr\xc3\xa9s Mu\xc3\xb1oz,Seattle,662253,munozan01
Roddery Mu\xc3\xb1oz,Miami,682610,munozro01
Penn Murfee,Seattle,682171,murfepe01
Chris Murphy,Boston,669684,murphch01
Patrick Murphy,"Toronto,Washington",641907,murphpa02
Joe Musgrove,San Diego,605397,musgrjo01
Parker Mushinski,Houston,656786,mushipa01
Tobias Myers,Milwaukee,668964,myersto01
Wil Myers,San Diego,571976,myerswi01
James Naile,St. Louis,664942,naileja01
Tommy Nance,"Chicago,Miami,Toronto",667297,nanceto01
Andrew Nardi,Miami,677053,nardian01
Nick Nastrini,Chicago,680897,nastrni01
Packy Naughton,"Los Angeles,St. Louis",676050,naughpa01
Edgar Navarro,Chicago,679346,navared01
Zach Neal,Oakland,594943,nealza01
Jack Neely,Chicago,680891,neelyja01
Nick Neidert,Miami,663734,neideni01
Jimmy Nelson,Los Angeles,519076,nelsoji02
Kyle Nelson,"Arizona,Cleveland",669459,nelsoky01
Nick Nelson,"New York,Philadelphia",656793,nelsoni01
Ryne Nelson,Arizona,669194,nelsory01
H\xc3\xa9ctor Neris,"Chicago,Houston,Philadelphia",593576,nerishe01
Sheldon Neuse,Oakland,641914,neusesh01
Jake Newberry,Kansas City,623470,newbeja01
Sean Newcomb,"Atlanta,Chicago,Oakland",656794,newcose01
Ljay Newsome,Seattle,664714,newsolj01
Kyle Nicolas,Pittsburgh,693312,nicolky01
Vinny Nittoli,"Baltimore,New York,Oakland,Philadelphia,Seattle",657697,nittovi01
Stephen Nogosek,New York,668665,nogosst01
John Nogowski,Pittsburgh,596056,nogowjo01
Aaron Nola,Philadelphia,605400,nolaaa01
Sean Nolin,"Miami,Washington",543594,nolinse01
Daniel Norris,"Chicago,Cleveland,Detroit,Milwaukee",596057,norrida01
Aaron Northcraft,San Diego,573062,northaa01
James Norwood,"Philadelphia,San Diego",656803,norwoja01
Dari\xc3\xa9n N\xc3\xba\xc3\xb1ez,Los Angeles,628345,nunezda01
Dedniel N\xc3\xba\xc3\xb1ez,New York,673380,nunezde01
Riley O\'Brien,"Cincinnati,Seattle,St. Louis",676617,obrieri01
Darren O\'Day,"Atlanta,New York",503285,odayda01
Jack O\'Loughlin,Oakland,672552,olougja01
Bailey Ober,Minnesota,641927,oberba01
Jake Odorizzi,"Atlanta,Houston",543606,odorija01
Cristofer Ogando,Tampa Bay,642657,ogandcr01
Shohei Ohtani,Los Angeles,660271,ohtansh01
Steven Okert,"Miami,Minnesota",595345,okertst01
Adam Oller,"Miami,Oakland",670124,ollerad01
Reese Olson,Detroit,681857,olsonre01
Kaleb Ort,"Boston,Houston",672391,ortka01
Oliver Ortega,"Los Angeles,Minnesota",661383,ortegol01
Luis Ortiz,"Philadelphia,San Francisco",656814,ortizlu02
Luis Ortiz,Pittsburgh,682847,ortizlu03
Eric Orze,New York,679358,orzeer01
Josh Osich,Cincinnati,592612,osichjo01
Corey Oswalt,New York,621261,oswalco01
Michel Ota\xc3\xb1ez,Oakland,671305,otanemi01
Adam Ottavino,"Boston,New York",493603,ottavad01
Glenn Otto,Texas,657248,ottogl01
Connor Overton,"Cincinnati,Pittsburgh,Toronto",656818,overtco01
Johan Oviedo,"Pittsburgh,St. Louis",670912,oviedjo01
Luis Oviedo,Pittsburgh,665854,oviedlu01
Chris Owings,"Baltimore,Pittsburgh",572008,owingch01
Chris Paddack,"Minnesota,San Diego",663978,paddach01
Nicholas Padilla,Chicago,656820,padilni01
Emilio Pag\xc3\xa1n,"Cincinnati,Minnesota,San Diego",641941,paganem01
Jermaine Palacios,Minnesota,650339,palacje01
Daniel Palencia,Chicago,694037,palenda01
Andre Pallante,St. Louis,669467,pallaan01
Thomas Pannone,Milwaukee,623381,pannoth01
Enoli Paredes,"Chicago,Houston,Milwaukee",660600,pareden01
Blake Parker,Cleveland,453284,parkebl01
Mitchell Parker,Washington,680730,parkemi01
Wes Parsons,"Cleveland,Toronto",641149,parsowe01
Luis Pati\xc3\xb1o,"Chicago,Tampa Bay",672715,patinlu01
Spencer Patton,"Oakland,Texas",607359,pattosp01
David Paulino,Philadelphia,600944,paulida01
James Paxton,"Boston,Los Angeles,Seattle",572020,paxtoja01
Joel Payamps,"Kansas City,Milwaukee,Oakland,Toronto",606303,payamjo01
Brad Peacock,Boston,502748,peacobr01
Matt Peacock,"Arizona,Kansas City",676840,peacoma01
Nate Pearson,"Chicago,Toronto",663878,pearsna01
Elvis Peguero,"Los Angeles,Milwaukee",665625,pegueel01
F\xc3\xa9lix Pe\xc3\xb1a,Los Angeles,570240,penafe01
Walter Pennington,"Kansas City,Texas",679156,penniwa01
Zach Penrod,Boston,683068,penroza01
Ryan Pepiot,"Los Angeles,Tampa Bay",686752,pepiory01
David Peralta,Arizona,444482,peralda01
Freddy Peralta,Milwaukee,642547,peralfr01
Luis Peralta,Colorado,678821,perallu01
Sammy Peralta,Chicago,671111,peralsa01
Wandy Peralta,"New York,San Diego,San Francisco",593974,peralwa01
Wily Peralta,Detroit,503449,peralwi01
Angel Perdomo,"Milwaukee,Pittsburgh",622780,perdoan01
Luis Perdomo,Milwaukee,606131,perdolu02
Jhonny Pereda,Miami,640902,peredjh01
Carlos P\xc3\xa9rez,Oakland,542208,perezca02
Cionel P\xc3\xa9rez,"Baltimore,Cincinnati",672335,perezci01
Eury P\xc3\xa9rez,Miami,691587,perezeu02
Francisco P\xc3\xa9rez,"Cleveland,Oakland,Washington",660906,perezfr01
Hector Perez,Tampa Bay,660431,perezhe02
Hern\xc3\xa1n P\xc3\xa9rez,Washington,541650,perezhe01
Mart\xc3\xadn P\xc3\xa9rez,"Boston,Pittsburgh,San Diego,Texas",527048,perezma02
\xc3\x93liver P\xc3\xa9rez,"Arizona,Cleveland",424144,perezol01
Dillon Peters,Pittsburgh,596071,peterdi01
Michael Petersen,"Los Angeles,Miami",656848,petermi01
David Peterson,New York,656849,peterda01
Jace Peterson,"Milwaukee,Oakland",607054,peterja01
Yusmeiro Petit,Oakland,433589,petityu01
Jake Petricka,Los Angeles,502593,petrija01
Brandon Pfaadt,Arizona,694297,pfaadbr01
David Phelps,Toronto,475479,phelpda01
Brett Phillips,"Los Angeles,Tampa Bay",621433,phillbr02
Connor Phillips,Cincinnati,683175,phillco01
Evan Phillips,"Los Angeles,Tampa Bay",623465,phillev01
Tyler Phillips,Philadelphia,663969,phillty01
Konnor Pilkington,Cleveland,663455,pilkiko01
Kevin Pillar,New York,607680,pillake01
Chad Pinder,Oakland,640461,pindech01
Michael Pineda,"Detroit,Minnesota",501381,pinedmi01
Riley Pint,Colorado,666207,pintri01
Ren\xc3\xa9 Pinto,Tampa Bay,650907,pintore02
Ricardo Pinto,Philadelphia,620982,pintori01
Nick Pivetta,Boston,601713,pivetni01
Michael Plassmeyer,Philadelphia,674681,plassmi01
Kevin Plawecki,Boston,608700,plaweke01
Zach Plesac,"Cleveland,Los Angeles",668676,plesaza01
Adam Plutko,Baltimore,592644,plutkad01
Colin Poche,Tampa Bay,621363,pocheco01
Drew Pomeranz,San Diego,519141,pomerdr01
Daniel Ponce de Leon,St. Louis,594965,ponceda01
Cody Ponce,Pittsburgh,664074,ponceco01
Zach Pop,"Miami,Toronto",647315,popza01
Sean Poppen,"Arizona,Pittsburgh,Tampa Bay",664092,poppese01
Cody Poteet,"Miami,New York",547001,poteeco01
Cade Povich,Baltimore,700249,povicca01
Nick Pratto,Kansas City,668472,prattni01
Ryan Pressly,Houston,519151,pressry01
David Price,Los Angeles,456034,priceda01
Quinn Priester,"Boston,Pittsburgh",682990,priesqu01
Austin Pruitt,"Houston,Miami,Oakland,Texas",643493,pruitau01
Albert Pujols,St. Louis,405395,pujolal01
A.J. Puk,"Arizona,Miami,Oakland",640462,pukaj01
Kevin Quackenbush,Los Angeles,534812,quackke01
Cal Quantrill,"Cleveland,Colorado",615698,quantca01
Johan Quezada,Miami,629498,quezajo01
Jos\xc3\xa9 Quijada,Los Angeles,650671,quijajo01
Jose Quintana,"Los Angeles,New York,Pittsburgh,San Francisco,St. Louis",500779,quintjo01
Cole Ragans,"Kansas City,Texas",666142,raganco01
Tanner Rainey,Washington,663432,raineta01
Brooks Raley,"Houston,New York,Tampa Bay",548384,raleybr01
Luke Raley,Tampa Bay,670042,raleylu01
Emmanuel Ramirez,Miami,642629,ramirem01
Erasmo Ram\xc3\xadrez,"Detroit,Tampa Bay,Washington",541640,ramirer02
Nick Ramirez,"Los Angeles,New York,San Diego",598286,ramirni01
No\xc3\xa9 Ramirez,"Arizona,Los Angeles",598287,ramirno01
Roel Ram\xc3\xadrez,St. Louis,641995,ramirro02
Yefry Ram\xc3\xadrez,Los Angeles,606162,ramirye01
Yohan Ram\xc3\xadrez,"Baltimore,Boston,Chicago,Cleveland,Los Angeles,New York,Pittsburgh,Seattle",670990,ramiryo01
AJ Ramos,Los Angeles,573109,ramosaj01
Lane Ramsey,Chicago,682010,ramsela02
Drew Rasmussen,"Milwaukee,Tampa Bay",656876,rasmudr01
Robbie Ray,"San Francisco,Seattle,Toronto",592662,rayro02
Colin Rea,Milwaukee,607067,reaco01
Josh Reddick,Arizona,502210,reddijo01
Cody Reed,Tampa Bay,642003,reedco01
Jake Reed,"Baltimore,Los Angeles,New York",596082,reedja02
Sean Reid-Foley,New York,656887,reidfse01
Alex Reyes,St. Louis,621052,reyesal02
Denyi Reyes,"Baltimore,New York",660593,reyesde02
Franmil Reyes,Chicago,614177,reyesfr01
Gerardo Reyes,"Los Angeles,Oakland",622103,reyesge01
Pablo Reyes,"Boston,Milwaukee",622569,reyespa01
Matt Reynolds,Cincinnati,608703,reynoma03
Sean Reynolds,San Diego,669308,reynose01
Orlando Ribalta,Washington,687377,ribalor01
Garrett Richards,"Boston,Texas",572070,richaga01
Trevor Richards,"Milwaukee,Minnesota,Tampa Bay,Toronto",670950,richatr01
Lyon Richardson,Cincinnati,680689,richaly01
Stephen Ridings,New York,670050,ridinst01
Yacksel R\xc3\xados,"Boston,Oakland,Seattle",605441,riosya01
Leo Rivas,Seattle,660844,rivasle01
Emmanuel Rivera,Miami,656896,riverem01
Anthony Rizzo,Chicago,519203,rizzoan01
Tanner Roark,Toronto,543699,roarkta01
Daniel Robert,Texas,642016,roberda11
Ethan Roberts,Chicago,681799,roberet01
Daniel Robertson,Milwaukee,621002,roberda10
David Robertson,"Chicago,Miami,New York,Philadelphia,Tampa Bay,Texas",502085,roberda08
Nick Robertson,"Boston,Los Angeles,St. Louis,Toronto",687798,roberni01
Hansel Robles,"Boston,Minnesota",570663,robleha01
Kumar Rocker,Texas,677958,rockeku01
Carlos Rod\xc3\xb3n,"Chicago,New York,San Francisco",607074,rodonca01
Carlos Rodriguez,Milwaukee,692230,rodrica02
Chris Rodriguez,Los Angeles,669735,rodrich01
Dereck Rodr\xc3\xadguez,"Atlanta,Minnesota",605446,rodride01
Eduardo Rodr\xc3\xadguez,"Arizona,Boston,Detroit",593958,rodried05
Elvin Rodr\xc3\xadguez,"Detroit,Tampa Bay",660730,rodriel02
Grayson Rodriguez,Baltimore,680570,rodrigr01
Jefry Rodr\xc3\xadguez,Washington,622446,rodrije01
Joely Rodr\xc3\xadguez,"Boston,New York,Texas",570257,rodrijo06
Jos\xc3\xa9 Rodr\xc3\xadguez,Seattle,642578,rodrijo07
Manuel Rodr\xc3\xadguez,"Chicago,Tampa Bay",655889,rodrima01
Nivaldo Rodriguez,Houston,670550,rodrini01
Randy Rodr\xc3\xadguez,San Francisco,678495,rodrira02
Richard Rodr\xc3\xadguez,"Atlanta,Pittsburgh",593144,rodriri05
Yariel Rodr\xc3\xadguez,Toronto,684320,rodriya01
Yerry Rodr\xc3\xadguez,"Texas,Toronto",666720,rodriye01
Chaz Roe,Tampa Bay,475054,roech01
Jake Rogers,Detroit,668670,rogerja03
Josh Rogers,"Colorado,Washington",642028,rogerjo01
Taylor Rogers,"Milwaukee,Minnesota,San Diego,San Francisco",573124,rogerta01
Trevor Rogers,"Baltimore,Miami",669432,rogertr01
Tyler Rogers,San Francisco,643511,rogerty01
Josh Rojas,"Arizona,Seattle",668942,rojasjo01
Miguel Rojas,Los Angeles,500743,rojasmi02
Drew Rom,St. Louis,680723,romdr01
Jordan Romano,Toronto,605447,romanjo03
Sal Romano,"Cincinnati,Milwaukee,New York",607219,romansa01
Jhon Romero,"Minnesota,Washington",664584,romerjh01
JoJo Romero,"Philadelphia,St. Louis",668941,romerjo01
Tommy Romero,"Tampa Bay,Washington",676720,romerto01
Andrew Romine,Chicago,461865,rominan01
Sergio Romo,"Oakland,Seattle,Toronto",489265,romose01
Angel Rond\xc3\xb3n,St. Louis,667373,rondoan01
Ben Rortvedt,Tampa Bay,666163,rortvbe01
Kenny Rosenberg,Los Angeles,670046,rosenke01
Joe Ross,"Milwaukee,Washington",605452,rossjo01
Zac Rosscup,Colorado,573127,rosscza01
Bubby Rossman,Philadelphia,657745,rossmbu01
Ram\xc3\xb3n Rosso,Philadelphia,665759,rossora01
Landen Roupp,San Francisco,694738,rouppla01
Ben Rowen,Los Angeles,594985,rowenbe01
Chris Roycroft,St. Louis,688297,roycrch01
Drew Rucinski,Oakland,607968,rucindr01
Michael Rucker,Chicago,621074,ruckemi01
Darin Ruf,"New York,San Francisco",573131,rufda01
Jos\xc3\xa9 Ruiz,"Arizona,Chicago,Philadelphia",614179,ruizjo01
Norge Ru\xc3\xadz,Oakland,650204,ruizno01
Jackson Rutledge,Washington,671131,rutleja01
Joe Ryan,Minnesota,657746,ryanjo04
Kyle Ryan,Chicago,594986,ryanky01
River Ryan,Los Angeles,689981,ryanri01
Ryder Ryan,"Pittsburgh,Seattle",656924,ryanry01
Hyun Jin Ryu,Toronto,547943,ryuhy01
Andrew Saalfrank,Arizona,685314,saalfan01
Erik Sabrowski,Cleveland,681870,sabroer01
Casey Sadler,Seattle,594987,sadleca02
Connor Sadzeck,Milwaukee,592712,sadzeco01
Eduardo Salazar,"Cincinnati,Los Angeles,Washington",674285,salazed01
Chris Sale,"Atlanta,Boston",519242,salech01
Bryan Sammons,Detroit,676614,sammobr01
Adrian Sampson,Chicago,592716,sampsad01
Aaron Sanchez,"Minnesota,San Francisco,Washington",592717,sanchaa01
An\xc3\xadbal S\xc3\xa1nchez,Washington,434671,sanchan01
Cristopher S\xc3\xa1nchez,Philadelphia,650911,sanchcr01
Miguel S\xc3\xa1nchez,Milwaukee,667376,sanchmi01
Sixto S\xc3\xa1nchez,Miami,664350,sanchsi01
Yolmer Sanchez,Boston,570560,sanchca01
Phoenix Sanders,Tampa Bay,676637,sandeph01
Nick Sandlin,Cleveland,680704,sandlni01
Patrick Sandoval,Los Angeles,663776,sandopa02
Cole Sands,Minnesota,663485,sandsco01
Reiver Sanmartin,Cincinnati,665665,sanmare01
Miguel San\xc3\xb3,Los Angeles,593934,sanomi01
Dennis Santana,"Los Angeles,New York,Pittsburgh,Texas",642701,santade01
Edgar Santana,Atlanta,650828,santaed01
Ervin Santana,Kansas City,429722,santaer01
H\xc3\xa9ctor Santiago,Seattle,502327,santihe01
Tony Santillan,Cincinnati,663574,santito01
Antonio Santos,Colorado,665733,santoan02
Gregory Santos,"Chicago,San Francisco,Seattle",666619,santogr01
Tayler Saucedo,"Seattle,Toronto",642048,sauceta01
Matt Sauer,Kansas City,669422,sauerma01
Hirokazu Sawamura,Boston,617228,sawamhi01
Josh Sborz,Texas,622250,sborzjo01
Mac Sceroler,Baltimore,669135,sceroma01
Max Scherzer,"Los Angeles,New York,Texas,Washington",453286,scherma01
Clarke Schmidt,New York,657376,schmicl01
Jesse Scholtens,Chicago,669947,scholje01
Jonathan Schoop,Detroit,570731,schoojo01
John Schreiber,"Boston,Kansas City",670167,schrejo01
Max Schrock,Cincinnati,621011,schroma01
Spencer Schwellenbach,Atlanta,680885,schwesp01
Frank Schwindel,Chicago,643524,schwifr01
Christian Scott,New York,681035,scottch01
Tanner Scott,"Baltimore,Miami,San Diego",656945,scottta01
Tayler Scott,"Boston,Houston,Los Angeles,Oakland,San Diego",605463,scottta02
Andre Scrubb,Houston,668687,scruban01
Connor Seabold,"Boston,Colorado",657756,seaboco01
JP Sears,"New York,Oakland",676664,searsjp01
Cody Sedlock,Baltimore,642060,sedloco01
Colin Selby,"Baltimore,Kansas City,Pittsburgh",681882,selbyco01
Sam Selman,"Los Angeles,Oakland,San Francisco",572125,selmasa01
Kodai Senga,New York,673540,sengako01
Antonio Senzatela,Colorado,622608,senzaan01
Brian Serven,Colorado,661531,servebr01
Anderson Severino,Chicago,644429,severan01
Luis Severino,New York,622663,severlu01
Paul Sewald,"Arizona,Seattle",623149,sewalpa01
Bryan Shaw,"Chicago,Cleveland",543766,shawbr01
Emmet Sheehan,Los Angeles,686218,sheehem01
Jordan Sheffield,Colorado,642068,sheffjo01
Justus Sheffield,Seattle,656954,sheffju01
James Sherfy,"Los Angeles,San Francisco",642073,sherfji01
Ryan Sherriff,"Boston,Tampa Bay",595411,sherrry01
Matt Shoemaker,Minnesota,533167,shoemma01
Zack Short,Detroit,670097,shortza01
Chasen Shreve,"Cincinnati,Colorado,Detroit,New York,Pittsburgh",592741,shrevch01
Chase Shugart,Boston,663767,shugach01
Jared Shuster,"Atlanta,Chicago",694363,shustja01
Chase Silseth,Los Angeles,681217,silsech01
Andrelton Simmons,Chicago,592743,simmoan01
Lucas Sims,"Boston,Cincinnati",608371,simslu01
Brady Singer,Kansas City,663903,singebr01
Brandyn Sittinger,Arizona,670087,sittibr01
Paul Skenes,Pittsburgh,694973,skenepa01
Tarik Skubal,Detroit,669373,skubata01
Justin Slaten,Boston,686580,slateju01
Austin Slater,San Francisco,596103,slateau01
Aaron Slegers,Los Angeles,642083,slegeaa01
Ethan Small,Milwaukee,663629,smallet01
Devin Smeltzer,"Miami,Minnesota",656970,smeltde01
Burch Smith,"Baltimore,Miami,Oakland",572143,smithbu03
Cade Smith,Cleveland,671922,smithca06
Caleb Smith,Arizona,592761,smithca03
Chad Smith,"Colorado,Oakland",663385,smithch12
Dominic Smith,Boston,642086,smithdo02
Drew Smith,New York,622098,smithdr01
Joe Smith,"Houston,Minnesota,Seattle",501925,smithjo05
Pavin Smith,Arizona,656976,smithpa04
Riley Smith,Arizona,642092,smithri01
Will Smith,"Atlanta,Houston,Kansas City,Texas",519293,smithwi04
AJ Smith-Shawver,Atlanta,700363,smithaj01
Drew Smyly,"Atlanta,Chicago",592767,smylydr01
Kirby Snead,"Oakland,Seattle,Toronto",669912,sneadki01
Blake Snell,"San Diego,San Francisco",605483,snellbl01
Collin Snider,"Kansas City,Seattle",676092,snideco01
Nicklaus Snyder,Texas,676766,snydeni01
Eric Sogard,Chicago,519299,sogarer01
Jared Solomon,Cincinnati,676660,solomja01
Peter Solomon,"Arizona,Houston",656981,solompe01
Joakim Soria,"Arizona,Toronto",465657,soriajo01
George Soriano,Miami,666277,soriage01
Jos\xc3\xa9 Soriano,Los Angeles,667755,soriajo02
Michael Soroka,"Atlanta,Chicago",647336,sorokmi01
Gregory Soto,"Baltimore,Detroit,Philadelphia",642397,sotogr01
Bennett Sousa,"Chicago,Houston,Milwaukee",656986,sousabe01
Alex Speas,"Houston,Texas",666208,speasal01
Gabe Speier,"Kansas City,Seattle",642100,speiega01
Mitch Spence,Oakland,687765,spencmi01
Carson Spiers,Cincinnati,686730,spierca01
Shea Spitzbarth,Pittsburgh,665661,spitzsh01
Jeffrey Springs,Tampa Bay,605488,sprinje01
Locke St. John,Chicago,657766,stjohlo01
Jacob Stallings,Miami,607732,stallja01
Craig Stammen,San Diego,489334,stammcr01
Ryne Stanek,"Houston,New York,Seattle",592773,stanery01
Cody Stashak,Minnesota,664054,stashco01
Josh Staumont,"Kansas City,Minnesota",622251,staumjo01
Drew Steckenrider,Seattle,608716,steckdr01
Justin Steele,Chicago,657006,steelju01
Michael Stefanic,Los Angeles,683021,stefami01
Trevor Stephan,Cleveland,663986,stephtr01
Jackson Stephens,Atlanta,623451,stephja01
Robert Stephenson,"Colorado,Pittsburgh,Tampa Bay",596112,stephro01
Justin Sterner,Tampa Bay,686993,sternju01
Brock Stewart,Minnesota,592779,stewabr01
Kohl Stewart,Chicago,640464,stewako01
Jonathan Stiever,Chicago,680692,stievjo01
Robert Stock,"Chicago,New York",476594,stockro01
Gavin Stone,Los Angeles,694813,stonega01
Levi Stoudt,Cincinnati,686651,stoudle01
Eric Stout,"Chicago,Pittsburgh",657770,stouter01
Matt Strahm,"Boston,Philadelphia,San Diego",621381,strahma01
Dee Strange-Gordon,Washington,543829,gordode01
Stephen Strasburg,Washington,544931,strasst01
Chris Stratton,"Kansas City,Pittsburgh,St. Louis,Texas",608717,stratch01
Hunter Stratton,Pittsburgh,676702,strathu01
Hunter Strickland,"Cincinnati,Los Angeles,Milwaukee,Tampa Bay",519326,strichu01
Spencer Strider,Atlanta,675911,stridsp01
Ross Stripling,"Oakland,San Francisco,Toronto",548389,stripro01
Marcus Stroman,"Chicago,New York",573186,stromma01
Pedro Strop,Chicago,467008,stroppe01
Peter Strzelecki,"Arizona,Cleveland,Milwaukee",657265,strzepe01
Garrett Stubbs,Philadelphia,596117,stubbga01
Albert Su\xc3\xa1rez,Baltimore,544150,suareal01
Andrew Su\xc3\xa1rez,St. Louis,605498,suarean01
Jos\xc3\xa9 Suarez,Los Angeles,660761,suarejo01
Ranger Su\xc3\xa1rez,Philadelphia,624133,suarera01
Robert Suarez,San Diego,663158,suarero01
Wander Suero,"Houston,Los Angeles,Washington",593833,suerowa01
Beau Sulser,"Baltimore,Pittsburgh",676641,sulsebe01
Cole Sulser,"Arizona,Baltimore,Miami,New York,Tampa Bay",642121,sulseco01
Brent Suter,"Cincinnati,Colorado,Milwaukee",608718,suterbr01
Erik Swanson,"Seattle,Toronto",657024,swanser01
Matt Swarmer,Chicago,664161,swarmma01
Anthony Swarzak,"Arizona,Kansas City",461872,swarzan01
Devin Sweet,"Oakland,Seattle",682967,sweetde01
Noah Syndergaard,"Cleveland,Los Angeles,New York,Philadelphia",592789,syndeno01
Thomas Szapucki,"New York,San Francisco",663378,szaputh01
Jameson Taillon,"Chicago,New York",592791,taillja01
Domingo Tapia,"Kansas City,Oakland,San Diego,Seattle",593619,tapiado01
Freddy Tarnok,"Atlanta,Oakland",676206,tarnofr01
Stephen Tarpley,New York,605501,tarplst01
Dillon Tate,"Baltimore,Toronto",622253,tatedi01
Mike Tauchman,San Francisco,643565,tauchmi01
Blake Taylor,Houston,642130,taylobl01
Josh Taylor,"Boston,Kansas City",657031,taylojo02
Michael A. Taylor,Kansas City,572191,taylomi02
Troy Taylor,Seattle,700187,taylotr01
Julio Teheran,"Detroit,Milwaukee,New York",527054,teherju01
Rowdy Tellez,"Milwaukee,Pittsburgh",642133,tellero01
Kai-Wei Teng,San Francisco,678906,tengka01
Ryan Tepera,"Chicago,Los Angeles,St. Louis",572193,teperry01
Jackson Tetreault,Washington,676194,tetreja01
Juan Then,Seattle,672730,thenju01
Caleb Thielbar,Minnesota,573204,thielca01
Lane Thomas,Washington,657041,thomala02
Keegan Thompson,Chicago,624522,thompke02
Mason Thompson,"San Diego,Washington",666168,thompma02
Ryan Thompson,"Arizona,Tampa Bay",657044,thompry02
Zach Thompson,"Miami,Pittsburgh",605507,thompza01
Zack Thompson,St. Louis,668868,thompza02
Tyler Thornburg,"Atlanta,Minnesota",592804,thornty01
Trent Thornton,"Seattle,Toronto",663423,thorntr01
Drew Thorpe,Chicago,689672,thorpdr01
Lewis Thorpe,Minnesota,626929,thorple01
Ty Tice,"Atlanta,Toronto",676709,ticety01
Jes\xc3\xbas Tinoco,"Chicago,Colorado,Miami,Texas",622786,tinocje01
Ka\'ai Tom,Oakland,664789,tomka01
Josh Tomlin,Atlanta,458708,tomlijo01
Michael Tonkin,"Atlanta,Minnesota,New York",543859,tonkimi01
Justin Topa,"Milwaukee,Minnesota,Seattle",623437,topaju01
Luis Torrens,"New York,Seattle",620443,torrelu01
Ronald Torreyes,Philadelphia,591720,torrero01
Touki Toussaint,"Atlanta,Chicago,Cleveland,Los Angeles",657053,toussto01
Blake Treinen,Los Angeles,595014,treinbl01
Alan Trejo,Colorado,676701,trejoal01
Jose Trevino,New York,624431,trevijo01
Lou Trivino,"New York,Oakland",642152,trivilo01
Nick Tropeano,"New York,San Francisco",607374,tropeni01
Cole Tucker,Los Angeles,657061,tuckeco01
Tanner Tully,Cleveland,668684,tullyta01
Spencer Turnbull,"Detroit,Philadelphia",605513,turnbsp01
Justin Turner,Los Angeles,457759,turneju01
Kyle Tyler,"Los Angeles,Miami,San Diego",667725,tylerky01
Edwin Uceta,"Arizona,Los Angeles,New York,Tampa Bay",670955,ucetaed01
Erich Uelmen,"Chicago,Philadelphia",657272,uelmeer01
Duane Underwood Jr.,Pittsburgh,621249,underdu01
Jos\xc3\xa9 Ure\xc3\xb1a,"Chicago,Colorado,Detroit,Milwaukee,Texas",570632,urenajo01
Julio Ur\xc3\xadas,Los Angeles,628711,uriasju01
Abner Uribe,Milwaukee,682842,uribeab01
Jos\xc3\xa9 Urquidy,Houston,664353,urquijo01
Naoyuki Uwasawa,Boston,683822,uwasana01
Pat Valaika,Baltimore,642162,valaipa01
C\xc3\xa9sar Valdez,"Baltimore,Los Angeles",491624,valdece01
Framber Valdez,Houston,664285,valdefr01
Phillips Vald\xc3\xa9z,Boston,570488,valdeph01
Chris Vallimont,Baltimore,681808,vallich01
Ricky Vanasco,"Detroit,Los Angeles",676568,vanasri01
Josh VanMeter,Pittsburgh,642165,vanmejo01
Carlos Vargas,Arizona,672841,vargaca01
Ildemaro Vargas,Washington,545121,vargail01
Gus Varland,"Chicago,Los Angeles,Milwaukee",681402,varlagu01
Louis Varland,Minnesota,686973,varlalo01
Andrew Vasquez,"Detroit,Los Angeles,Philadelphia,San Francisco,Toronto",607755,vasquan02
Randy V\xc3\xa1squez,"New York,San Diego",681190,vasqura02
Vince Velasquez,"Chicago,Philadelphia,Pittsburgh,San Diego",592826,velasvi01
Anthony Veneziano,"Kansas City,Miami",685107,venezan01
Drew VerHagen,St. Louis,572403,verhadr01
Justin Verlander,"Houston,New York",434378,verlaju01
Alex Vesia,Los Angeles,681911,vesiaal01
Nick Vespi,Baltimore,663989,vespini01
Will Vest,"Detroit,Seattle",676684,vestwi01
Cam Vieaux,Pittsburgh,664944,vieauca01
Thyago Vieira,"Arizona,Baltimore,Milwaukee",600986,vieirth01
Eli Villalobos,Miami,681871,villael02
David Villar,San Francisco,681584,villada01
Nick Vincent,Minnesota,543883,vinceni01
Darius Vines,Atlanta,670241,vinesda01
Arodys Vizca\xc3\xadno,Kansas City,527055,vizcaar01
Victor Vodnik,Colorado,680767,vodnivi01
Jason Vosler,Cincinnati,613564,vosleja01
Austin Voth,"Baltimore,Seattle,Washington",608723,vothau01
Michael Wacha,"Boston,Kansas City,San Diego,Tampa Bay",608379,wachami01
Brandon Waddell,"Baltimore,Minnesota,St. Louis",663399,waddebr01
Konner Wade,Baltimore,592831,wadeko01
Jacob Waguespack,Tampa Bay,621097,wagueja01
Adam Wainwright,St. Louis,425794,wainwad01
Cole Waites,San Francisco,686972,waiteco01
Ken Waldichuk,Oakland,686610,waldike01
Hurston Waldrep,Atlanta,694462,waldrhu01
Matt Waldron,San Diego,663362,waldrma01
Josh Walker,New York,677020,walkejo03
Ryan Walker,San Francisco,676254,walkery01
Taijuan Walker,"New York,Philadelphia",592836,walketa01
Matt Wallner,Minnesota,670242,wallnma01
Jake Walsh,St. Louis,673904,walshja02
Blake Walston,Arizona,686796,walstbl01
Brandon Walter,Boston,687888,waltebr01
Andrew Walters,Cleveland,689958,waltean01
Nash Walters,Los Angeles,663534,waltena01
Donovan Walton,San Francisco,622268,waltodo01
Andrew Wantz,Los Angeles,681806,wantzan01
Thaddeus Ward,Washington,663658,wardth01
Art Warren,Cincinnati,605521,warrear01
Austin Warren,"Los Angeles,San Francisco",681810,warreau01
Will Warren,New York,701542,warrewi01
Spenser Watkins,"Baltimore,Oakland",657093,watkisp01
Tony Watson,"Los Angeles,San Francisco",453265,watsoto01
Ryan Weathers,"Miami,San Diego",677960,weathry01
Luke Weaver,"Arizona,Cincinnati,Kansas City,New York,Seattle",596133,weavelu01
Jacob Webb,"Atlanta,Baltimore,Los Angeles",657097,webbja01
Logan Webb,San Francisco,657277,webblo01
Tyler Webb,St. Louis,643778,webbty01
Ryan Weber,"Boston,Milwaukee,New York,Seattle",543901,weberry01
Jordan Weems,"Arizona,Oakland,Washington",607179,weemsjo01
Patrick Weigel,Milwaukee,622256,weigepa01
Zack Weiss,"Boston,Los Angeles",592848,weissza01
Greg Weissert,"Boston,New York",669711,weissgr01
Alex Wells,Baltimore,649144,wellsal01
Tyler Wells,Baltimore,669330,wellsty01
J.B. Wendelken,"Arizona,Oakland",605525,wendejb01
Joey Wentz,"Detroit,Pittsburgh",666214,wentzjo01
Hayden Wesneski,Chicago,669713,wesneha01
Zack Wheeler,Philadelphia,554430,wheelza01
Brendan White,Detroit,686839,whitebr01
Mitch White,"Los Angeles,Milwaukee,San Francisco,Toronto",669952,whitemi03
Owen White,Texas,669391,whiteow01
Forrest Whitley,Houston,666215,whitlfo01
Kodi Whitley,St. Louis,676831,whitlko01
Garrett Whitlock,Boston,676477,whitlga01
Rowan Wick,Chicago,592858,wickro01
Jordan Wicks,Chicago,696136,wicksjo01
Taylor Widener,Arizona,642203,widenta01
Brad Wieck,Chicago,623364,wieckbr01
Collin Wiles,Oakland,621079,wilesco01
Stevie Wilkerson,Baltimore,592859,wilkest01
Devin Williams,Milwaukee,642207,willide03
Gavin Williams,Cleveland,668909,williga01
Luke Williams,"Atlanta,Los Angeles",663897,willilu01
Taylor Williams,"Miami,San Diego",592865,willita01
Trevor Williams,"Chicago,New York,Washington",592866,willitr01
Brandon Williamson,Cincinnati,682227,willibr02
Amos Willingham,Washington,686294,william01
Bryse Wilson,"Atlanta,Milwaukee,Pittsburgh",669060,wilsobr02
Justin Wilson,"Cincinnati,New York",458677,wilsoju10
Steven Wilson,"Chicago,San Diego",621051,wilsost02
Weston Wilson,Philadelphia,642215,wilsowe01
Allan Winans,Atlanta,642216,winanal01
Josh Winckowski,Boston,670174,winckjo01
Josh Winder,Minnesota,680739,windejo01
Trey Wingenter,"Boston,Chicago,Detroit",622259,wingetr01
Dan Winkler,Chicago,595465,winklda01
Cole Winn,Texas,668390,winnco01
Keaton Winn,San Francisco,676775,winnke01
Patrick Wisdom,Chicago,621550,wisdopa01
Brett Wisely,San Francisco,689172,wiselbr01
Matt Wisler,"San Francisco,Tampa Bay",605538,wislema01
Nick Wittgren,"Cleveland,Kansas City,St. Louis",621295,wittgni01
Asher Wojciechowski,New York,592879,wojcias01
Jackson Wolf,San Diego,680232,wolfja01
Jake Wong,Cincinnati,673858,wongja01
Bryan Woo,Seattle,693433,woobr01
Alex Wood,"Oakland,San Francisco",622072,woodal02
Hunter Wood,Texas,621056,woodhu01
Jake Woodford,"Chicago,Pittsburgh,St. Louis",663765,woodfja01
Brandon Woodruff,Milwaukee,605540,woodrbr01
Simeon Woods Richardson,Minnesota,680573,woodssi01
William Woods,Atlanta,682016,woodswi02
Brandon Workman,"Boston,Chicago",519443,workmbr01
Kyle Wright,Atlanta,657140,wrighky01
Mike Wright Jr.,Chicago,605541,wrighmi01
Justin Wrobleski,Los Angeles,680736,wroblju01
Randy Wynne,Cincinnati,691094,wynnera01
Austin Wynns,"Baltimore,San Francisco",642851,wynnsau01
Jimmy Yacabonis,"Miami,New York,Tampa Bay",642231,yacabji01
Miguel Yajure,Pittsburgh,664337,yajurmi01
Jordan Yamamoto,New York,657141,yamamjo01
Yoshinobu Yamamoto,Los Angeles,808967,yamamyo01
Hyeon-jong Yang,Texas,660365,yanghy01
Ryan Yarbrough,"Kansas City,Los Angeles,Tampa Bay,Toronto",642232,yarbrry01
Eric Yardley,Milwaukee,642233,yardler01
Mike Yastrzemski,San Francisco,573262,yastrmi01
Kirby Yates,"Atlanta,Texas",489446,yateski01
Huascar Ynoa,Atlanta,660623,ynoahu01
Alex Young,"Arizona,Cincinnati,Cleveland,New York,San Francisco",622065,youngal01
Danny Young,"Atlanta,New York,Seattle",664849,youngda02
Aneurys Zabala,Miami,656008,zabalan01
Daniel Zamora,Seattle,623354,zamorda01
Rob Zastryzny,"Los Angeles,Milwaukee,New York,Pittsburgh",642239,zastrro01
Seby Zavala,Arizona,664874,zavalse01
Ryan Zeferjahn,Los Angeles,666171,zeferry01
Angel Zerpa,Kansas City,672582,zerpaan01
T.J. Zeuch,"Cincinnati,Toronto",643615,zeuchtj01
Kyle Zimmer,Kansas City,622092,zimmeky01
Bruce Zimmermann,Baltimore,669145,zimmebr02
Jordan Zimmermann,Milwaukee,519455,zimmejo02
Tyler Zuber,"Kansas City,Tampa Bay",676604,zuberty01
Yosver Zulueta,Cincinnati,691172,zulueyo01
Guillo Zu\xc3\xb1iga,"Los Angeles,St. Louis",670871,zuniggu01
