gamepk,game_date,runs_home,runs_away,runs_total,Away_Batter1_Name,Away_Batter1_ID,Away_Batter1_bbrefID,Away_Batter2_Name,Away_Batter2_ID,Away_Batter2_bbrefID,Away_Batter3_Name,Away_Batter3_ID,Away_Batter3_bbrefID,Away_Batter4_Name,Away_Batter4_ID,Away_Batter4_bbrefID,Away_Batter5_Name,Away_Batter5_ID,Away_Batter5_bbrefID,Away_Batter6_Name,Away_Batter6_ID,Away_Batter6_bbrefID,Away_Batter7_Name,Away_Batter7_ID,Away_Batter7_bbrefID,Away_Batter8_Name,Away_Batter8_ID,Away_Batter8_bbrefID,Away_Batter9_Name,Away_Batter9_ID,Away_Batter9_bbrefID,Home_Batter1_Name,Home_Batter1_ID,Home_Batter1_bbrefID,Home_Batter2_Name,Home_Batter2_ID,Home_Batter2_bbrefID,Home_Batter3_Name,Home_Batter3_ID,Home_Batter3_bbrefID,Home_Batter4_Name,Home_Batter4_ID,Home_Batter4_bbrefID,Home_Batter5_Name,Home_Batter5_ID,Home_Batter5_bbrefID,Home_Batter6_Name,Home_Batter6_ID,Home_Batter6_bbrefID,Home_Batter7_Name,Home_Batter7_ID,Home_Batter7_bbrefID,Home_Batter8_Name,Home_Batter8_ID,Home_Batter8_bbrefID,Home_Batter9_Name,Home_Batter9_ID,Home_Batter9_bbrefID,Home_SP_Name,Home_SP_ID,Home_SP_bbrefID,Away_SP_Name,Away_SP_ID,Away_SP_bbrefID,Home_P_2_Name,Home_P_2_ID,Home_P_2_bbrefID,Home_P_3_Name,Home_P_3_ID,Home_P_3_bbrefID,Home_P_4_Name,Home_P_4_ID,Home_P_4_bbrefID,Away_P_2_Name,Away_P_2_ID,Away_P_2_bbrefID,Away_P_3_Name,Away_P_3_ID,Away_P_3_bbrefID,Away_P_4_Name,Away_P_4_ID,Away_P_4_bbrefID,Away_P_5_Name,Away_P_5_ID,Away_P_5_bbrefID
717140,2023-08-04,5,7,12,Maikel Garcia,672580,garcima01,Bobby Witt Jr.,677951,wittbo02,Michael Massey,686681,massemi02,Salvador Perez,521692,perezsa02,Edward Olivares,658668,olivaed02,MJ Melendez,669004,melenmj01,Freddy Fermin,666023,fermifr01,Dairon Blanco,680118,blancda02,Kyle Isbel,664728,isbelky01,Kyle Schwarber,656941,schwaky01,Alec Bohm,664761,bohmal01,Bryce Harper,547180,harpebr03,Nick Castellanos,592206,casteni01,Bryson Stott,681082,stottbr01,J.T. Realmuto,592663,realmjt01,Brandon Marsh,669016,marshbr02,Trea Turner,607208,turnetr01,Johan Rojas,679032,rojasjo03,Aaron Nola,605400,nolaaa01,Jordan Lyles,543475,lylesjo01,Yunior Marte,628708,marteyu01,Jeff Hoffman,656546,hoffmje02,Dylan Covey,592229,coveydy01,Dylan Coleman,669395,colemdy01,Carlos Hernández,672578,hernaca04,Nick Wittgren,621295,wittgni01,Austin Cox,680735,coxau01
