gamepk,game_date,runs_home,runs_away,runs_total,Away_Batter1_Name,Away_Batter1_ID,Away_Batter1_bbrefID,Away_Batter2_Name,Away_Batter2_ID,Away_Batter2_bbrefID,Away_Batter3_Name,Away_Batter3_ID,Away_Batter3_bbrefID,Away_Batter4_Name,Away_Batter4_ID,Away_Batter4_bbrefID,Away_Batter5_Name,Away_Batter5_ID,Away_Batter5_bbrefID,Away_Batter6_Name,Away_Batter6_ID,Away_Batter6_bbrefID,Away_Batter7_Name,Away_Batter7_ID,Away_Batter7_bbrefID,Away_Batter8_Name,Away_Batter8_ID,Away_Batter8_bbrefID,Away_Batter9_Name,Away_Batter9_ID,Away_Batter9_bbrefID,Home_Batter1_Name,Home_Batter1_ID,Home_Batter1_bbrefID,Home_Batter2_Name,Home_Batter2_ID,Home_Batter2_bbrefID,Home_Batter3_Name,Home_Batter3_ID,Home_Batter3_bbrefID,Home_Batter4_Name,Home_Batter4_ID,Home_Batter4_bbrefID,Home_Batter5_Name,Home_Batter5_ID,Home_Batter5_bbrefID,Home_Batter6_Name,Home_Batter6_ID,Home_Batter6_bbrefID,Home_Batter7_Name,Home_Batter7_ID,Home_Batter7_bbrefID,Home_Batter8_Name,Home_Batter8_ID,Home_Batter8_bbrefID,Home_Batter9_Name,Home_Batter9_ID,Home_Batter9_bbrefID,Home_SP_Name,Home_SP_ID,Home_SP_bbrefID,Away_SP_Name,Away_SP_ID,Away_SP_bbrefID,Home_P_2_Name,Home_P_2_ID,Home_P_2_bbrefID,Home_P_3_Name,Home_P_3_ID,Home_P_3_bbrefID,Home_P_4_Name,Home_P_4_ID,Home_P_4_bbrefID,Away_P_2_Name,Away_P_2_ID,Away_P_2_bbrefID,Away_P_3_Name,Away_P_3_ID,Away_P_3_bbrefID
745578,2024-05-21,5,2,7,Marcus Semien,543760,semiema01,Corey Seager,608369,seageco01,Robbie Grossman,543257,grossro01,Jonah Heim,641680,heimjo01,Ezequiel Duran,677649,duranez01,Nathaniel Lowe,663993,lowena01,Josh Smith,669701,smithjo11,Derek Hill,656537,hillde01,Leody Taveras,665750,taverle01,Kyle Schwarber,656941,schwaky01,J.T. Realmuto,592663,realmjt01,Bryce Harper,547180,harpebr03,Alec Bohm,664761,bohmal01,Bryson Stott,681082,stottbr01,Nick Castellanos,592206,casteni01,Kody Clemens,665019,clemeko01,Brandon Marsh,669016,marshbr02,Johan Rojas,679032,rojasjo03,Ranger Suárez,624133,suarera01,Jon Gray,592351,grayjo02,Jeff Hoffman,656546,hoffmje02,Matt Strahm,621381,strahma01,José Alvarado,621237,alvarjo03,Jacob Latz,656641,latzja01,Cole Winn,668390,winnco01
